2021-06-01T07:01:29,22.75,23,23,23,23.25,23,23.5,23.5,21.75,22.75,22.5,22.75,22.75,23.25,23.5,23.25,22.75,22.75,23.5,23,23.25,22.75,23,23.25,22.75,23.5,25.5,23,22.75,23,22.75,22.75,22.5,22.75,23.25,22.75,22.25,22.75,23,23.5,22.75,22.75,22.75,22.5,23.25,23,22.75,23.5,22,22.5,22.75,22.25,23,23,22.75,22.75,21.75,22.5,22.25,22.25,23,22.75,23,23.25,0
2021-06-01T07:01:30,23,22.75,23.5,22.75,22.5,23,23.5,23.75,22.25,23,22.75,23.25,23.25,22.5,23.5,22.5,23.25,23.5,23.5,22.75,23.25,22.5,22.75,23,23,23.75,26,23.5,23,23.25,23.25,23.25,23.25,23.25,23.75,22.75,23,23.25,23.5,22.75,23,22.75,22.75,22.75,23,23.25,22.5,22.75,22,22.75,23.25,22.75,22.75,22.75,22.75,22.5,22.25,22.75,22,22.25,22.75,22.75,22.5,23,0
2021-06-01T07:01:31,22.75,22.5,23.25,22.25,22.75,22.25,22.75,23.25,22.75,22.5,23,22.75,22.5,22.5,23,22.25,22.75,23.25,23.25,22.75,22.5,22.5,22.75,23.25,22.75,23.25,26.25,23,22.75,23.25,22.75,23,22.5,22.75,23,22.75,22.75,22.75,23,23,22.75,22.75,22.75,22.75,22.5,23.25,22.5,22.75,22,23,23,22.5,23,23.5,22.75,23,22.25,22.25,22.5,22.5,22.5,22.5,22.5,23.25,0
2021-06-01T07:01:32,22.75,22.5,22.75,22.25,23.25,23.25,23.25,23.5,21.75,22.5,23.25,22.5,22.75,22.75,23.25,23,23,23,23.75,22.5,22.75,22.5,23,23.25,22.75,24,26.75,22.75,22.75,23,23,23.25,22.75,23.25,23.5,22.75,22.75,22.75,23.25,22.75,22.5,22.75,22.75,22.75,23.25,23.25,22.5,22.5,21.75,22.5,22.25,22.75,23,22.75,22.5,22.75,22,22.25,22.75,22.75,22.25,22.25,23.25,23,0
2021-06-01T07:01:33,22.75,22.5,22.75,22.25,22.5,23,23,23.25,22.25,22.75,22.75,22.75,22.75,22.75,23,22.75,22.25,23.25,23.75,22.75,23,22.5,22.75,23,22.5,23.5,27,23.5,22.75,23,22.75,23,22.75,23,23.5,23,22.75,22.5,23.25,22.75,22.5,22.75,22.75,23,23,23.25,22.75,22.75,22.25,22.5,23,22.25,22.5,23,22.75,22.75,22,22.5,22.5,22.75,22.5,22.5,23,22.5,0
2021-06-01T07:01:34,22.25,22.5,23,22.25,23.5,23,23.25,23.25,22,22.5,22.75,22.25,22.75,23,23.25,23.25,22.25,23.5,23.75,22.75,23,22.75,22.5,23.25,22.5,23.25,27.25,23,23,22.75,23,23.25,22.25,23.25,23.75,23,22.75,22.75,23,22.75,22.75,23.25,22.75,22.75,22.75,23.25,22.5,23.5,22.25,22.75,23,22.25,23,22.25,23.25,22.75,22.25,22.25,22.5,23,21.75,22.5,22.5,23.5,0
2021-06-01T07:01:35,22.75,22.25,23,22.25,23,23,23.5,23.25,22.5,22.5,22.75,23,22.25,22.75,23.25,22,23,22.75,23.75,23.25,23,22.25,22.75,23,22.5,23.75,28,23,23,23,23,23.25,22.75,23.25,23.75,22.75,23,22.75,22.75,22.75,22.75,23.25,22.25,22.75,23,23.25,22.5,22.75,22.5,22.5,22.75,22.25,22.75,22.25,22.5,22.5,22.5,22.5,22.25,22.5,22.5,22.75,23,23,0
2021-06-01T07:01:37,22.25,23,23,22.75,22.75,22.75,23.5,23.75,22.25,22.5,22.75,23.5,22.75,22.75,22.75,23.25,23.25,23.25,24.25,22.75,23.25,22.25,23,23.25,23,24.25,28.5,24,23.25,23.25,22.75,23.25,22.5,23.5,24.5,23,23,23,23.25,22.75,22.75,22.75,23,23.25,23,23.25,22.75,23,22,23,23.25,22.25,22.75,23,23,23.25,22,22.75,22.25,22.5,22.25,22,22.5,22.5,0
2021-06-01T07:01:38,23.5,22.25,23.25,22.75,23,23.25,23.25,23.75,22.75,22.5,22.75,23.25,22.75,22.75,23.25,22.75,22.75,23.75,24.25,23.25,23,22.5,22.5,22.75,22.75,24,28.75,23.25,23,23.5,23,23.5,23.25,23.75,25.25,23.25,22.75,23,23,23.25,22.5,23,23,23.25,23.25,23,23.25,23,22.5,22,22.75,22.5,22.75,22.75,22.5,22.75,22.25,22.5,22.5,23,22.5,22.75,22.5,23,0
2021-06-01T07:01:39,22.75,23,23,22.75,22.75,22.5,23,24,22.5,23,23,23.25,22.5,22.75,23.25,22.75,22.75,23.5,24.5,23.5,23,22.5,23,23.5,22.75,24.5,28.5,23.75,22.75,23.25,22.75,23.5,23.25,23.75,24.75,22.5,22.75,23,23.25,22.75,23,23,22.75,22.75,22.75,23.25,23.25,22.75,22,22,23,23.25,22.75,23.25,22.75,23.25,22.75,22.25,22.5,22.5,22.75,22.75,22.75,23.75,0
2021-06-01T07:01:40,22.5,22.25,22.5,22.5,22.75,22.75,22.75,22.5,22.25,22.25,23.25,23.25,22.5,23,23,22.75,22.75,23.5,24.5,23.25,23,22.75,23,23.25,22.5,24,28.75,23.5,23,23.25,22.75,23.25,22.5,23.5,25.25,22.75,22.75,22.75,23.25,22.25,22.75,23,23,23,23,23,22.75,23,22.5,22.75,23,22,23,22.75,23.25,23,22.25,22.75,22.25,22.75,22.5,22.25,23.25,23,0
2021-06-01T07:01:41,23,22.75,23.5,22.5,23,23,23.25,23.5,22.25,22.75,22.5,23,22.5,23,23.75,23,23,23.75,25,23.5,23,23,23,23.5,23.25,25,29.25,24,23.5,23.25,23.25,23.25,23,23.75,25.5,23.25,22.75,23,23.25,22.75,23.25,24,23.25,23.25,23.5,23.25,22.75,23,22.25,23,23,23,22.75,23.5,23.5,22.75,21.75,22.25,22.5,23,23,22,23.75,23.25,0
2021-06-01T07:01:42,23.5,22.75,23.25,22.75,22.75,23,23.5,23,22.25,22.25,23,23.25,23,23,23.5,22.75,23,23.5,25,23.5,23.25,22.75,23.25,23.5,23.25,24.5,29.75,23.5,23.5,23,23,23.25,22.75,24,25.75,23.25,22.75,23,22.75,22.5,23.5,23,23.25,23.25,23.25,23.25,22.5,23,22.75,23,23.25,23,22.5,23,23.25,23.25,22.5,23,22.75,23,23.25,22.75,23.25,23,0
2021-06-01T07:01:43,23.25,22.25,23,23,23,23.25,23.5,24,22.25,22.5,23,23.25,23,23,22.75,22.25,23,23.5,25,23,23,22.75,23,23.25,22.75,24.75,29.75,24,22.75,23.5,22.75,23.25,23.25,24,26.25,23,22.75,22.75,23,22.5,23.25,23.75,23,23.5,23,23,23,22.5,22.25,23,23,22.75,23,23,23,22.25,22.5,23,22,22.75,22.75,22.25,23.25,23.25,0
2021-06-01T07:01:45,22.5,22.75,22.75,22.5,23.25,22.75,23.5,23.75,22,22.75,23.5,23,23,22.75,23.5,22.25,22.5,23.75,25.25,23.5,23,22.75,22.75,23,23,24.75,30.25,24.25,23.25,23,22.75,23,22.75,23.75,26,23.5,23,22.75,23.25,22.75,23,23.5,23.25,23.25,22.75,23.25,22.75,22.75,22.25,22.75,23.25,22.5,22.5,23.25,22.5,23.25,22.25,22.5,22.25,22.75,22.25,22.25,22.5,22.75,0
2021-06-01T07:01:46,22.75,22.75,23,22.5,22.75,22.75,23.5,24,22,22.75,22.75,23.25,23.25,22.75,23.25,23,22.75,24,25.75,23.25,23.25,22.5,22.75,23.5,23.25,25,30.25,23.75,23.5,22.75,22.5,23,22.75,24,26,23.5,23.25,23,23,23,23.25,23.75,23.75,23.25,23.5,23,22.75,23.25,22,22.75,23,22.75,22.75,23,23,23.25,22.25,22.25,22.5,22.75,22.75,22.75,23.25,22.75,0
2021-06-01T07:01:47,22.5,22.75,23,22.5,23.25,22.75,23.5,23.5,22.5,22.75,23.25,23.5,23,22.5,23,23,23,24,25.75,23.5,23.5,22.5,22.75,23.75,23.5,25,30.75,24,23.25,23,22.75,23.5,23,24.25,26,23.75,22.75,22.75,23.5,22.75,23.5,23.25,23.75,23.25,23.5,23.5,22.75,23,22.75,23,22.75,22.5,23,23.5,23.25,23,22,23,22.25,22.5,23,22.5,23,23.25,0
2021-06-01T07:01:48,22.75,22.75,23.5,22.5,22.75,23.5,23.75,23.75,22.5,22.75,23.5,23.25,23,22.75,23.5,23,23,24,25.25,23.5,23.25,22.5,23.5,23.75,23,25.5,30.75,24,23.25,23.5,23,23.25,23,24.25,26.5,24,23.25,22.75,23.25,22.75,23.25,23.25,23.5,23.75,23.5,23.25,22.75,23,22,22.5,23.5,22.5,23.25,23,22.75,23,23,22.25,22.5,22.75,22.75,23,23.25,23.5,0
2021-06-01T07:01:49,23.25,23,22.5,23,22.75,23,24,23.75,22.5,23,23.25,23.5,23.25,23.25,23.25,23.25,23,24,25.75,23.5,23.25,23,22.75,23.25,23.25,25.25,30.75,24,23.5,23,22.75,23.5,23,24,27.25,24,23,23,23.25,22.5,23.25,23.5,23.75,23.5,23.75,23.5,22.75,23,22.75,23.25,23.5,22.75,23.25,23,23.5,23.5,22.5,22.25,22.5,22.75,23,22.25,23.25,22.5,0
2021-06-01T07:01:50,23.25,22.75,23.25,23,23,23,23.5,24.25,22.75,22.5,23.25,23.25,23.25,23,23.25,22.5,23.25,24.25,25.5,23.75,23.25,22.75,23,23.25,22.75,25.5,31,24.5,23.25,23.25,22.75,23,23.5,24.75,27.5,24,23,23.25,23.5,22.75,23.5,23.5,24.25,24,23.5,23.5,22.75,23,22.25,22.75,22.75,23,23,23,23,23.5,22.5,22.5,22.75,23,22.75,22.25,23,23,0
2021-06-01T07:01:51,22.75,22.75,23.25,22.75,23.25,23,24.25,24,22.75,23,23.5,23.5,23.25,23.25,23.75,22.75,23.25,24,25.75,24,23.75,22.75,23,23.75,23,25.25,31.5,24.75,24,23.25,22.75,23,23,24.75,27.5,24.25,23,23.25,23.25,23.25,23.5,23.5,24.5,24,23.5,23.25,23,22.75,22.75,22.5,23.25,22.5,23.25,23.25,23,23.25,22.25,22.75,23,22.75,23.5,22.25,22.75,23,0
2021-06-01T07:01:53,23.25,22.75,23.25,23,23,23.5,23.75,24.5,22.75,23,24,23.5,23.25,23,23.25,22.75,23.75,24,26,23.75,23.5,22.75,22.75,23.25,23.25,25.75,31.5,24.5,23.5,23.25,22.5,23.5,23,25,27.25,23.75,23,22.75,23,23.5,23.5,23.5,24.5,24,23.75,23.5,22.75,23,22.25,22.75,23.5,23,22.75,22.75,23.25,23.75,22.25,23,23,22.5,23.25,22.75,23.25,23.5,0
2021-06-01T07:01:54,23,23,23.25,23,23.25,23,24.25,24,22.25,23,23,23.5,23,23.25,23.5,22.5,23.25,24.5,26.25,24.5,23.75,22.5,23.25,24,23.5,26,31.75,24.75,23.5,23.5,23.25,23.5,23.25,24.25,27,24,23,23.25,23.5,23,23.75,23.5,24.75,24,23.75,24,23,23.5,22.75,23.25,23.5,23,23.25,23.5,23.75,23,22,23.25,23,23.25,22.75,22.25,23.25,23,0
2021-06-01T07:01:55,23,22.75,23.25,22.75,23,22.75,23.75,23.5,22.25,23.25,23.5,23.5,22.75,23.25,23.25,22.5,23.5,24.25,25.75,24,23.5,23,22.75,24,23.25,25.75,31.25,24.5,23.75,23.5,23,22.75,23.25,25,28,24.5,23.75,23.5,23.5,23,23.25,24.25,24.5,24,23.5,23.75,23.25,23.25,22.25,22.75,22.75,22.5,23,23.25,23.25,23.25,22.5,22.75,22.75,22.75,22.75,22.75,23.25,23,0
2021-06-01T07:01:56,23,23.25,23.5,23.5,23,23,24,24.5,23,23.25,23.75,23.5,23.25,23.5,23.25,23,23.25,24.5,26.5,24.25,23.75,22.75,23,23.25,23.5,26,31.75,25.25,24,23.5,23,23.5,23.5,25,28,24.25,23.5,23.75,23.25,22.75,23.25,24,24.75,24.25,23.5,24,23.25,22.75,23,22.75,23,23,23.5,23.5,23.75,23,22.5,22.75,23.25,23,23,22.75,23,23,0
2021-06-01T07:01:57,23,23.25,23.5,23.25,23,23,23.75,24,23,23,23.5,24,23.5,22.75,23.5,23.5,23.25,24.5,26.25,24.75,23.75,23.25,23,23.5,23.25,26,32.25,24.75,24,23.25,23.25,23,23.75,24.75,28.5,24.75,24,23.5,23.75,23,23.5,23.75,24.75,24.5,23.5,23.5,23,23.5,22.5,22.75,23.75,23,23.25,23.25,23.75,23.5,22.75,22.75,22.5,23.25,23,23.25,23.5,23.5,0
2021-06-01T07:01:58,23,22.75,23.5,23,23.25,22.75,23.75,24.25,23.25,23,23.75,23.75,23,23,23.5,23,23.75,24.25,26.5,24,23.75,23,23.25,23.75,23.5,26,32.25,25.5,24.25,23,22.75,23.25,23.25,25.5,28.25,25,23.5,23.5,23.25,23.5,23.25,24.25,24.5,24.5,23.75,23.5,22.75,23.25,22.75,22.75,23,23,23.25,23,23.75,23.25,22.5,23,23,23,23.5,22.75,22.5,23.25,0
2021-06-01T07:01:59,22.75,23,23,23.25,23,23.5,23.75,24.25,22,23.25,23.25,23.75,22.75,23.25,23,23,23.5,24.5,26.25,24.25,23.75,22.5,23,23.25,23.25,25.75,32.25,25,23.75,23,22.5,23.25,23,25,28.25,24.5,23.5,23.25,23.25,23.25,23.5,23.5,25,24.5,23.75,23.5,23.25,23.25,22,23.5,23.25,23,23.25,23.5,23.5,23,22,22.5,22.25,23,23,22.75,23.25,23.75,0
2021-06-01T07:02:00,23,22.75,23.25,23,23.25,23.25,24.25,24.25,22.5,23.25,23.5,23.75,23.25,23,23.5,23,23.25,24.75,27,24.25,23.75,23.25,23.5,23.5,23.5,26,32.75,25,23.75,23.25,23.25,23.5,23.75,25.75,28.75,24.75,23.75,23.5,23.5,22.75,23.75,23.75,25,24.25,24,23.5,23.5,23,23.25,23,23.75,22.75,23,23.25,23.75,23.25,23.25,23.25,22.75,22.75,23,22.75,23,23.75,0
2021-06-01T07:02:02,23,22.75,23.5,23.5,23,23.25,24,23.75,23,23.25,23.75,24.25,23.5,23,23.5,23.25,23.5,24.5,27.25,24.5,23.5,22.75,23.25,23.5,23.5,26.25,32.75,25.25,24,23.5,23,23.5,23.25,25.5,28.75,24.75,23.5,23.5,23.25,22.75,23.25,24.25,24.75,24.75,23.75,23.75,23,23.25,22.75,23.25,23.25,23.25,23.5,23.5,23.5,24.25,22.5,23,22.75,22.75,22.5,22.25,23.25,24,0
2021-06-01T07:02:03,23,23,23,23.25,23.5,23,23.75,24,22.75,23,23.5,24.5,23.5,23,24.25,23.25,23.25,24.5,27,24.75,24.25,23.25,23,23.5,23.5,26.25,32.5,25.5,23.5,23.25,23.25,23.25,23.75,25,28.75,24.5,23.75,23.5,23.75,23,23.5,24,25,25,24,23.25,23.25,23.25,22.25,23.25,23.25,23,23.25,23.5,23.75,23.75,22.5,23,23,23,22.5,22.25,22.75,23.25,0
2021-06-01T07:02:04,22.75,23,23.25,22.5,22.75,23.25,24.25,24,22.75,23,23.5,23.5,23,22.75,23.5,22.5,23.25,24.75,26.75,24.25,23.75,22.75,23,23.25,23.25,26,32.75,25,23.75,23.25,22.5,23,23.25,25.25,29,24.75,23.5,22.75,23.25,22.75,23.25,24,24.75,24,23.25,23.5,23,23.5,22.5,23,23.25,23.25,23,23.25,23.75,23.5,21.75,22.75,22.5,22.5,22.75,22.75,23,22.75,0
2021-06-01T07:02:05,23.5,22.75,23.25,23.25,23,23.5,24.25,24.75,22.5,23,24,24,23,23,24,22.75,23.5,24.75,27,24.75,24,23,23.5,23.5,23.25,26.75,32.5,25,23.5,23.5,23.25,23.5,23,25.75,28.75,24.75,23.75,23.75,23.25,22.75,23,24,25.25,24.5,23.75,24.25,23.25,23.25,22.5,22.75,23.5,23.5,23.25,23.25,23.25,23.25,22.75,22.75,22.75,22.5,23.25,22.5,23.25,23.25,0
2021-06-01T07:02:06,22.75,23.25,23.75,23.25,23,23.5,23.75,23.5,22.5,23.25,23.5,23.75,23,23.25,23.5,22.75,23.5,24.75,27.25,24.75,23.75,23.25,23.25,23,23.5,26.5,33.25,25.5,23.75,23,23,23.5,23.5,25.25,29,24.75,24,23.75,23.25,23,23.75,24.25,25.5,25.25,23.75,23.25,23,23.25,22.75,22.75,23.75,23.25,23.25,23.25,23,23,22.25,21.75,23,23,22.5,22.75,23.25,23,0
2021-06-01T07:02:07,23,23,23.5,23.25,23.25,23.25,24,23.75,22.75,23,23.75,24,23.25,23,23.75,23,23.5,24.25,27,24.25,23.75,23,23,23.5,23.25,26.25,32.75,25.5,24,23.5,23,23,23.5,25.5,29.25,25.25,23.5,23.5,24,23,23.75,24.25,25.5,24.5,24.25,24,23,22.75,22.25,22.75,23.5,23.5,23,23,23.75,24.25,22,23,23,23.5,23.25,23,23.25,23.5,0
2021-06-01T07:02:08,22.5,22.75,23.25,23.25,23.25,23,23.75,24.25,22.5,23.25,23.5,23.75,22.75,23,23,23,22.75,24.5,26.75,24.25,23.75,22.5,23,23.25,23.5,26.25,33.25,25.25,23.75,23.25,22.75,23.25,23.5,25.25,29.5,24.5,23.75,23,23.25,22.5,23.5,23.75,25.25,24.75,23.25,24,22.75,22.5,22.25,23.5,23.25,22.75,23,22.75,23.5,23.5,22.5,22.5,22.5,22.75,22.75,22.75,22.5,23.25,0
2021-06-01T07:02:10,23,22.75,23.5,23,23.25,22.75,24,24,22.75,23.5,23.75,23.75,23.25,23.5,24,23.25,23.25,24.25,27.25,24.75,24,23,23,23.5,23.5,26.25,33,25.5,24,23,23,23.75,23.5,25.25,29.25,24.75,23.5,23.5,23.5,22.5,23.25,24.5,25.75,24.75,24.25,23.75,22.75,23.25,22.25,23,23.5,23,23.25,23.75,24,23.25,22.75,22.75,22.5,22.75,23.25,22.25,23.25,23,0
2021-06-01T07:02:11,22.75,23.25,23.25,23,23.5,23.25,23.75,23.75,22.75,23,23.75,24.5,23.25,23.5,23.75,23.25,23,25,27.5,25,24.25,22.75,22.75,24,23.75,26.5,33,26,24.25,23.25,23,23,23.5,26,29.25,25.5,23.75,23.75,23.75,23,23.75,24.5,25.5,24.75,23.75,23.75,23,23.25,22.5,22.75,23.75,23.5,23.25,23.25,23.5,24,22,23,22.5,23,22.75,22.75,22.75,22.75,0
2021-06-01T07:02:12,22.75,22.75,23.75,23.5,23.75,23.25,24.25,24,23,23.5,23.75,24.5,23.25,23,23.25,23,23.25,25,27.25,24.75,24.25,23,23.5,23.5,23.5,26.75,33.5,26,24.25,23.25,23,23,23.5,26,29.75,25.25,23.75,23.25,23,23.5,24.25,24,25.25,25,24,24,22.75,23,22.5,23,23.25,23.5,23.5,23,23.5,23.25,22.25,22.25,22.75,22.75,23.5,23,22.75,23.5,0
2021-06-01T07:02:13,23,23,24,23.25,23.5,22.75,23.75,24.5,23,23,23.75,23.75,23.5,23,23.25,23.25,23.25,25,27.5,24.75,24,22.75,23,23,23.5,26.5,33.5,25.75,24.25,23.5,23,23.25,23.75,26.25,29.5,25.25,23.75,23,23.5,23,23.5,24,26,24.75,24,24.25,23.25,23.5,22.5,22.75,23.75,23.25,23.5,23.25,23.75,23.25,22,22.75,22.75,23,22.75,22.5,23.25,22.75,0
2021-06-01T07:02:14,23,22.5,23.25,23.5,23.25,23.5,24.25,24.5,22.75,23.25,23.75,24.5,23.25,23.25,23.5,22.5,23.25,24.75,27.25,25.25,24.25,22.75,23,23.75,23.75,27.25,33.75,26,24.5,23.5,22.75,23,23.75,26,29.75,25.25,24,23.25,23.25,22.75,24,24.5,25.75,25,24,23.5,23.25,23,23.25,23.25,23.5,23.5,23.5,23.25,23,23,23,23,22.75,23.5,22.75,23,22.75,23.5,0
2021-06-01T07:02:15,23.25,23.25,23.5,23.5,23,23,24.25,24,23.25,23.25,24,24.25,23.25,23.5,23.25,23,23.25,25,27.5,25.25,24,23,22.5,23.25,23.25,27,33.75,25.75,24,23.25,22.75,23,23.25,25.75,29.75,25.25,23.75,23,23.25,23,23.25,24.75,25.25,24.75,24.25,24,23.25,22.75,22.75,23,23.75,23.5,23.5,23,23.5,23,22.75,23.75,22.75,22.75,23.5,22.25,23,23,0
2021-06-01T07:02:16,23.25,22.75,23.75,23,23.25,23,24.5,23.75,23,23.25,24,24,23.25,23.5,24.5,23,23.75,24.75,27.5,25,24.25,23,22.75,23.25,23.75,27,33.75,26,24.25,23.25,23,23.75,23.75,26.5,30,25,23.75,23.75,23.75,23,23.75,24.5,25.75,25,24.25,23.75,23.25,23,22.75,23.25,23.5,23.75,23,23.25,24,23.25,22.5,22.75,23,23.25,22.75,23,23.25,23,0
2021-06-01T07:02:18,22.5,22.75,23.25,23,23.5,23.25,24,24,22.5,23.75,23.75,24.25,23.5,23.25,23.25,23.25,23.25,24.75,27.5,25.25,24,22.5,23,23,23.25,26.75,33.5,26,24.5,23.5,22.75,23,23.25,26,29.5,25.5,23.75,23.5,23,23,23.5,24.5,26,25,23.75,24,23,22.5,22.75,23,23.75,23.5,23,23.5,23.5,23,22.5,23,22.5,22.75,22.75,23,23,22.75,0
2021-06-01T07:02:19,22.75,22.75,23.5,22.75,23,23.25,24.25,24.5,22.5,23.25,23.75,24.25,23.5,23,23.75,22.75,23.5,25,27.5,25.25,24.5,22.75,22.75,23,23.5,26.75,33.75,26.25,25,23.5,23,23,23.25,26,30.5,25.25,24,23.75,24,23.25,23.75,24.25,26,25,24.25,23.75,23.25,23.25,22.5,23.25,24,23.5,23.5,23.25,23.5,23.75,22,22.75,23,23,22.75,22.75,22.75,23.5,0
2021-06-01T07:02:20,23.25,23,23.5,23.5,23.75,23,24,24.5,22.75,23.25,24.25,24.75,23,23.25,23.75,23.5,23.5,25,27.5,25,24.25,22.75,22.75,23.25,23.5,27,34,26.5,24.5,23.5,23,23.75,23.75,26,30,25.5,24,23.75,23.25,23,23.5,24.5,25.75,25.5,24.25,23.75,23,23.25,23,23.5,24,23.5,23,23.25,23.5,23.25,22.25,23,22.25,22.75,22.5,22.5,23,23,0
2021-06-01T07:02:21,22.75,22.75,23.5,23.5,23.25,22.75,24.25,24.25,22.5,23,24,24.25,23.75,23.5,23.75,22.75,23.5,25,27.75,25.25,24.25,23.25,22.75,23,23.25,27.5,34.25,26.25,24,23.25,22.75,23.25,23.5,25.75,30.5,25.75,23.75,23.75,23.5,23.25,24.25,24.5,26,25,24.25,23.75,23.25,23.75,23,23,24,23.25,23.25,23.5,23.5,23.25,23.25,22.75,23,23,22.75,22.5,23.25,23,0
2021-06-01T07:02:22,23,23,23.75,23.5,23.25,23.5,24,24,22.75,23.25,24.25,24.75,23.25,23.25,24,22.75,23.5,25,27.75,25.5,24,22.75,23,23.5,23.75,27,34,26,24.5,23.25,23,23.25,23.75,26,30.25,25.5,23.75,23.25,23,22.75,23.5,24,25.75,25.25,23.75,23.75,23,22.5,23,23.5,23.25,23.25,23,23,24,23.5,22.5,22.75,22.75,22.75,23.25,22.5,23,22.75,0
2021-06-01T07:02:23,23,22.75,23.5,23.5,23.5,23.25,24,24.5,23.25,23.5,24,24.75,23.5,23.25,23.5,22.5,23.5,25,27.75,25.5,24.25,23.25,23,23.25,23.5,27,34.5,26,24.75,23.5,23.25,23.25,23.25,26.25,30.5,25.75,24,24,23.5,22.75,23.75,25,26.5,25.5,24,24,23.25,23.25,22.75,23.25,24,23.75,23.25,23.5,23.5,23.75,22.25,23.5,22.75,23.25,23.5,22.5,23.25,23.5,0
2021-06-01T07:02:24,23,22.75,23.75,23.75,23,23.25,24,24.5,23.25,23.5,24.25,24.5,24,23.25,24,22.75,23.25,25,28,25,24.25,23.5,23,23.75,24,27,34.5,26.5,24,23.75,23.5,23.5,23.75,26.5,30.5,25.75,24,23,23.5,23,23.5,24.5,26.25,26,24.25,24.25,23.5,23,23.25,23.25,24,23.5,23.5,23.5,24,23.75,22.25,23,23,23,22.75,22.75,23.5,22.75,0
2021-06-01T07:02:26,23.5,22.75,24,23,23.25,23,24.5,25,23,23.5,24.25,25,23.5,23.75,24.25,23.5,23.75,25,27.75,25.5,24.25,22.5,23,23,23.5,27.25,34.5,26.25,24.75,23.5,22.75,23.25,23.5,26.5,30.75,26,24,24,23.5,22.75,24,24.75,26,25.5,24.5,23.5,23.5,23,22.75,23.5,24,23.5,24,23.25,23.75,23,22,23.25,22.5,23,22.75,22.75,23.25,23.5,0
2021-06-01T07:02:27,23,22.75,23.5,23.5,23,23.25,24.25,24.25,23,22.75,24,24.5,23.5,23,24.25,22.5,23.25,25.25,28.25,25.5,23.75,23.25,22.75,23,23.75,27,34.5,26,24.75,23.25,23,23.25,24,26.5,30.75,26,24.25,24,23.25,23.25,24.5,25,26.5,25.5,24.5,23.75,23.25,23,23.25,22.75,24,23.5,23.25,23.25,23.5,23.75,21.75,23,22.75,22.75,23,22.5,23,23.5,0
2021-06-01T07:02:28,23,23.25,24,23,23.25,23.5,24,24.75,22.5,23.25,25,24.5,24,23.5,23.5,23,24,25.25,28.25,25.25,24.5,23,23.5,24,23.75,27.5,34.75,26.75,24.5,23.75,23.25,23.5,24,26.75,30.5,26.25,24,23.5,24.25,22.75,24.25,24.5,26.5,26,24.5,24.5,23.75,23.25,23.5,23.25,24.25,24,24,23.5,24,23.25,22.5,23.25,22.75,23,22.5,22.5,22.5,23,0
2021-06-01T07:02:29,23.25,23.25,23.75,23.75,23,23.25,24.25,24.5,22.5,23.5,24.5,25,23.75,23,23.75,23.5,23.75,25.25,28.5,26.25,24.75,22.5,22.5,24,23.75,27.5,35,26.5,24.75,23.5,23.25,23.25,24.25,26.75,31.25,26,24.5,24,23.75,23.25,23.75,25.25,26.5,25.5,24.75,23.75,23,23.25,22.5,23.5,24.25,23.75,23.75,23.75,23.75,23.25,22.75,23.5,22.25,22.75,23.5,22.25,23.25,23.25,0
2021-06-01T07:02:30,23.75,23,23.75,23.5,23.25,23.25,24.5,24.5,22.5,23.5,24.25,24.75,23.75,23.25,24,23.25,23.25,25.5,28.25,25.5,24.5,22.75,23,23.25,24,27.5,35,26.75,25,23.75,23.25,23.25,23.25,26.75,30.75,26.25,24.5,23.75,23.75,22.75,24,24.75,27,26.25,24.25,24.5,23.75,23.25,22.75,23.25,24.25,24,24,23.75,24,23.75,22.75,23.25,23.5,23.5,23.5,22.75,23.5,23,0
2021-06-01T07:02:31,24,23.25,23.5,23.75,23.25,23,24.75,25,22.75,23.25,24.75,24.5,24,23.5,24,23.25,23.75,25.25,28.25,25.5,24.5,23.5,23,24,23.5,27.75,34.75,26.5,24.25,23.5,23.25,24,23.5,27,31,26,24.5,23.75,23.75,23.25,23.75,25.25,26.5,25.75,24.75,24.25,23.25,23.5,22.75,23.75,25,24,23.75,24,24.25,23.5,22.75,23.25,23.25,23.5,23.25,23,23.5,23.5,0
2021-06-01T07:02:32,23.25,23.25,23.5,23.25,23.25,23,24.75,24.5,23,23.5,24.75,25,23.75,23.75,24.5,22.75,23.5,25.5,28.5,25.75,24.75,22.75,22.75,23.5,23.5,27.75,35,26.75,25,24,23,23.5,24,26.75,31.25,26.25,24.25,23.5,23.75,23.75,23.5,25.25,26.5,25.5,24.25,23.5,23.5,24,22.75,23.5,24.5,23.25,23.5,23.75,24.25,23.5,22.5,23,22.75,23.5,23,23.25,23,23.5,0
2021-06-01T07:02:34,23.5,23.25,24,24.25,23.75,23.25,24.25,24.75,23,23.25,24.75,25,23.75,23.5,24,23,23.5,25.5,28.25,25.75,24.75,23.75,23.25,23.5,24,27.75,35.25,27,25.25,24.25,23.25,23.75,23.25,27,31,26.25,24.5,24,23.5,23.75,24.5,25,27,26,24.5,25,23.25,23.5,23.25,23.75,24.25,24.5,23.75,23.25,24,23.5,22.5,22.75,22.5,23,23,22.75,23,23,0
2021-06-01T07:02:35,23.5,23.25,24,24,23.5,23.25,24.5,25,22.75,23.75,24.75,25.5,23.75,23.75,23.25,23.25,24,25.75,28.5,26,25,23,22.5,23.75,24.25,27.75,35.25,26.75,25.25,23.5,23.25,23.25,24,26.75,31.25,26.25,24.5,23.75,23.25,23.5,23.75,25,26.75,26.25,24.5,24,23.25,24,23,23.5,24.5,23.75,23.75,23.75,24,23.5,22,23,23,23.25,22.5,23,23.75,23.5,0
2021-06-01T07:02:36,23.25,23,24,24,23.5,23.25,25,24.5,23.25,23.5,24.75,25,24,23.5,23.75,23.25,24,25.75,28.75,26,24.5,23.5,23.25,23.75,23.75,28,35,27,25,24,23,23.75,24,26.5,31.5,26.25,24.5,23.75,24.25,22.75,24.5,24.75,27,25.5,25,24,23.5,23,23.25,23.5,24,23.75,24,23.5,24,23.25,23,23,22.75,23,23.25,23.25,23.75,24,0
2021-06-01T07:02:37,23.5,23.25,24,23.5,23.25,23,24.25,25,22.5,23.25,24,25.25,23.75,23.25,23.75,23.75,24,25.5,28.75,26.25,25,23.25,23.5,23.25,23.5,27.75,35.25,26.75,24.75,24,23,23.25,24,26.5,31.25,26.5,24.5,24,23.5,23.25,24.25,25.25,27,26,25,24.5,23.5,23.5,23.25,23.5,24.5,24.5,24,24,24.5,23.75,22.75,23,23,23,23.25,22.75,23.5,23.75,0
2021-06-01T07:02:38,23.5,23,24,23.5,23.5,23.75,24,24.5,22.75,23.5,24.5,25,23.5,24.25,24.25,23.25,23.5,25.75,29,26,24.75,23.25,23.5,23.75,24.25,28.25,35.5,26.75,25.25,23.75,23,23.75,23.75,27,32,26.5,24.75,24.25,23.75,23.5,23.75,25.25,27.25,26.5,25.25,24,23,23.5,23.5,23.5,24.5,24.25,23.75,23.75,24,23.5,23.25,22.75,23.25,23,23.25,22.75,23,23.5,0
2021-06-01T07:02:39,23.5,23,24.25,23.75,23.5,24,24.5,24.25,22.5,23.75,25,25.25,24,23.5,23.75,23.5,23.75,25.75,28.5,26,25,23,23.75,23.5,24.25,27.75,35.25,27,25.25,23.75,23.25,23.75,24,27.25,31.5,26.75,25,24.25,24.25,23.25,23.75,25,27.5,26.25,25,24.25,23.25,23.5,23,23.75,24.5,24,23.75,23.5,24.5,23.25,23,23.25,23.25,23.75,23,22.75,22.75,24.25,0
2021-06-01T07:02:40,23,24,24.25,23.75,23.5,23.5,24.5,24.5,22.75,23.75,24.75,25,24,23.5,23.75,22.75,24.5,26,29,26.5,25,23.5,23.25,24.25,24.5,28,35.5,27,25.25,24.25,23.5,23.75,23.75,27,31.75,26.5,24.75,24,24.25,23.5,24.5,24.75,27.5,26.25,25,24.5,23.75,23.5,23.25,23.25,24.5,24,23.5,23.5,24,23.5,23.25,23,23.25,23.25,22.5,23.25,23,24,0
2021-06-01T07:02:41,23,23,23.5,24.25,23.25,23.5,24.75,25,23,23.5,24.75,24.75,23.75,23.5,24.25,23.5,23.75,25.5,29,25.75,24.5,23.5,23,23.75,23.75,27.75,35.5,27,25.25,24,23.25,23.5,23.75,27,31.25,26.75,24.5,24.25,23.5,22.75,24,25.5,27.25,26.25,25,24.75,23.5,23.5,23.25,24.25,24.75,24,23.75,23.75,24,23.75,23,22.75,23,23,23,23,23.25,23,0
2021-06-01T07:02:43,23.25,23,24,23.5,23.75,23.25,24.75,25,23.25,24,25.25,24.75,24,24,23.75,23.25,24,25.75,29,26.25,25,23.25,23.5,23.5,24,27.75,35.5,27.25,25,24,23.5,23.25,23.5,27,32,26.5,24.75,24.25,24,23.25,24.25,25.25,27,26.25,25,24.25,23.75,23.5,22.75,23.75,24.5,24.25,24,23.75,24.25,23,23,22.75,23.25,23.5,23.25,23,23.25,24,0
2021-06-01T07:02:44,23.75,23,23.5,23.75,23.75,23,24.5,24.5,23.25,23.5,25.25,25.5,23.75,24.25,23.75,23.75,23.75,26,29.25,26.25,25,23.25,23.5,23.25,24.25,28,35.75,26.75,25.5,24,23.25,23.75,24,27.25,31.75,27,24.75,24.25,23.5,23.25,24,25.25,27.25,26,25,24.5,24,23.5,23,23.25,24.25,24.25,24,23.75,24.25,23.75,22.75,22.75,23,23.25,22.75,23,23.5,23.5,0
2021-06-01T07:02:45,22.75,23.25,24,24.25,23.5,23.5,24.75,25,23,23.75,25,25.25,24,23.5,24.25,23.5,23.5,25.75,28.75,26,25,23.5,23.25,23.5,24.25,28,35.75,27,25.25,23.75,23.5,23.75,23.5,27,32,27,24.75,24,23.5,23.75,24.25,24.75,27.5,26.5,25,24.5,23.5,23.25,23,23.5,24.75,24.25,24.25,23.5,24,23.75,22.5,24,23.25,23.25,23.25,23.25,23,23.25,0
2021-06-01T07:02:46,23,22.75,23.75,24,23.25,23.25,24.25,24.75,23,23.5,24.5,25.25,23.75,23.5,24,23,23.25,25.75,29.25,26.25,25,23.25,23,23.25,23.75,27.75,35.5,26.75,25.25,24,23,23.5,23.5,26.75,31.75,26.75,24.75,23.75,23.75,23.25,24,25,27.5,26,25,24.5,23.75,23.5,22.5,23,24.5,24,23.75,23.5,23.75,23.25,22,23,22.75,23.25,23.25,22.75,23,23.25,0
2021-06-01T07:02:47,23.5,23.25,24,24,23.25,23.25,24.5,24.75,23.5,23.75,24.75,25,23.75,23.5,24.25,23.25,23.75,25.75,29.25,26.5,24.5,23.5,23.25,23.5,24,28,35.5,27,25.25,24,23.5,23.25,23.5,26.5,32,26.5,24.5,24,23.75,23.25,23.75,25,27.25,26.25,25,24.5,23.75,23.25,22.25,24,24.25,24,23.75,24,23.75,24.25,22.5,23.25,23.25,23.25,23.25,23,22.75,23.5,0
2021-06-01T07:02:48,23.25,23.5,24,23.75,23.5,23.25,25,24.25,23,23.75,25,25.25,24,23.5,24,22.75,23.75,25.5,29,26.25,25,23,23,23.75,24,27.75,35.75,27,25.25,23.25,23.25,23.5,23.5,27.25,31.75,26.5,25,23.75,24,23.5,23.75,24.75,27.25,26,24.75,24.25,23.25,23.25,22.75,23.5,24.5,24,24,23.5,24,23,22.75,23.25,23.5,23.25,23.25,23,23.5,23.25,0
2021-06-01T07:02:49,23.75,23.25,24,23.75,24,23.5,24.25,25,23,23.75,25,25.25,24,23.75,23.75,23,23.75,25.75,29.25,25.75,24.75,23.25,23.25,23.75,23.5,28.25,36,27.25,24.75,23.75,23.5,23.25,24,27.5,32.25,27,24.75,24,23.75,23.25,24,25.25,27.5,26.25,25,24,23.5,22.75,22.5,23.75,24.5,24,23.75,24,24,23.25,22.75,22.75,23,23,22.5,22.75,23,23.5,0
2021-06-01T07:02:51,23,23.25,23.75,24,23.5,23.5,24.5,25,23,23.75,25.25,25.25,23.75,23.75,23.75,23,23.75,25.75,28.75,26,25,23.5,23.5,23.25,24,28.5,35.5,27,25.5,23.75,23,23.25,24,27.25,32,26.75,24.5,24,24,23.25,24,24.75,27.5,26.25,24.5,24.25,23.5,23,23,24,24,23.75,23.75,23.25,24,23.5,22.5,23.5,23.5,23,23,22.75,23.75,23.25,0
2021-06-01T07:02:52,23.25,23,24.5,24.25,24.5,23.5,24.75,24.5,23.25,23.75,25.25,25.5,24.5,23.5,24.5,23.75,23.75,26,29,26.5,25,23.75,23.25,23.5,24.5,28.25,36,27.75,25.25,24.75,23.5,23.5,24,27,32,27,24.75,23.75,23.5,23.25,24,25.25,27.75,26.75,25,24.5,23.5,23.5,22.75,23.5,25,24.25,24.25,23.75,24,23.5,22.25,23.5,23.25,23,23.25,22.75,23.25,23.75,0
2021-06-01T07:02:53,23,23.5,24.25,24.25,23.75,23.5,24.75,25,23,23.75,25,25.5,24,24,24.5,23.25,24,26.25,29.5,26.5,24.75,23.5,23.5,23.5,24.5,28.25,36.5,27.25,25.5,23.75,23,23.75,23.75,27.25,32.25,26.75,25,24.25,24,23.75,24.5,25.25,27.75,26.25,25,25,23.75,24,22.25,23.75,25.25,24.5,24.25,24,24.5,23.5,22.5,23,23.5,23.75,23.5,23.25,23.25,23.75,0
2021-06-01T07:02:54,24,23,24.25,24.25,23.75,23.5,24.75,25,23,24,25,25.25,24.25,23.75,24.75,23,24.25,25.75,29.5,26.75,24.75,23.5,23.5,23.5,23.75,28.5,36,27.5,25.5,23.75,23.25,23.5,24.5,27.25,32.5,27,25.5,24.5,23.75,22.75,24.25,25.75,27.75,26.75,25.25,24.5,23.75,23.5,23,23.5,24.75,24.25,24.25,24.25,24.75,24,23,23.25,23.5,23.75,23.5,22.5,23.25,24.25,0
2021-06-01T07:02:55,23.5,23.5,24.25,24.25,23.75,23.5,24.5,25,23,23.75,25,25.75,24,24,24,23.5,23.75,26,29,26.75,25,23.5,23.75,24,24,28,36.5,27.75,25.75,24,23.25,23.25,23.75,27.5,32.25,26.75,24.75,24.5,24.25,23.75,24,25.5,27.75,26.5,25.25,24.75,23.5,23.5,22.75,23.5,24.5,24.25,23.75,23.75,24,23.5,22.25,23,23.75,23.25,23.25,23.25,23,23.75,0
2021-06-01T07:02:56,23.25,23.25,24.75,24.25,23.75,24,24.75,25,23.25,23.75,24.75,25.5,24.25,23.75,24.5,23.5,24.25,26.25,29.5,26.75,25.25,23.25,23.5,23.25,24.25,28.75,36.5,27.75,25.5,24,23.75,23.75,24.25,28,32.25,27.5,25.5,24.5,24,23.75,24.5,25,28,26.75,25.25,25,23.5,23.75,23,24.25,24.5,24.5,24.5,23.5,24.5,23.75,22.25,23.5,23.25,23.75,23,22.5,23.5,24,0
2021-06-01T07:02:57,23.25,23.25,24.25,24.25,23.75,23.75,24.75,24.75,23.5,24,25.5,25.5,24.5,24,24.75,23.5,24,25.75,29.5,26.5,25,23.5,23.5,23.5,24,28.75,36.25,27.75,25.25,24,23.5,23.25,24.25,27.5,32.75,27.25,25,24.75,24.5,23.75,24,26,27.75,26.5,25.75,24.5,23.5,23.75,23.25,24,24.75,24.75,24.5,24.25,24.25,24.25,23,23,23.5,24,23.5,23,23.25,24,0
2021-06-01T07:02:59,23.25,23.25,24.25,24.25,23.75,23.75,25.25,25,23.25,24.25,25.75,25.5,24.25,24,24.5,23.25,24.5,26.25,29.5,27,25.5,23.75,23.25,24,24.25,28.75,36.5,27.5,25.25,24.25,23.75,23.75,24.75,27.5,33,27.5,25.5,24.25,24,24,24.25,25.75,28.25,26.75,25.5,24.75,24.25,23.5,23.25,23.75,25.5,24.25,24.5,24.5,24.25,23.75,23,23.25,23.5,23.5,23,23.25,23.5,24.5,0
2021-06-01T07:03:00,23.5,23.5,23.75,24.75,23.5,23.75,25.25,24.75,23.5,23.75,25.5,25.5,24,24.25,24,23.75,24.5,26,29.75,26.75,25.25,23.25,23.25,24,24.5,28.75,36.5,27.5,25.5,24,23.25,23.75,23.75,27.75,32.75,27.25,25.25,24,24.5,23.75,24.25,25.25,28,27,25.25,24.75,24,23.5,23.5,23.25,25.25,24.25,24.25,24.25,24.75,24,22.75,23.5,23.25,23.5,23.75,23.25,23.25,23.5,0
2021-06-01T07:03:01,23.5,23.5,24.25,24,24,23.75,25.25,25.5,23.5,23.75,25.75,25.5,24.5,24,24.25,23.25,24,26.25,29.75,26.75,25,23.75,23.5,23.75,24.75,29,36.75,27.75,26,24,23.5,23.75,24,27.5,33,27.5,25.5,24.25,24.25,23.75,24,25.75,28.25,26.75,25.75,24.25,24,23.5,23.25,24,24.75,24.5,24.5,24.5,24.5,24.25,22.5,23.25,23.5,24,23.5,23,23.25,24.25,0
2021-06-01T07:03:02,23.75,23.25,24.25,24.25,23.75,23.5,24.5,25,23.25,24,25.5,25.5,23.75,24,24,23.25,24,25.75,29.75,26.75,25,23.25,23.5,24,23.75,28.5,36.25,27.75,25.5,24.75,23.5,24,24,27.75,33,27,25.5,24.25,24,23.75,23.75,25.75,28,26.25,25.25,24.75,23.75,23.75,23,24,25.25,24.5,24.5,24.25,24,24,22.75,23,23.25,23.5,23.5,23.25,23,24,0
2021-06-01T07:03:03,23.5,23.5,24.75,24,24,23.5,25,24.75,23.5,24.25,25.75,25.5,24,24,24.25,23.5,24,26.5,29.75,26.75,25.25,23.75,23.25,24,23.75,28.25,36.75,27.5,26,23.75,23.75,23.75,24,27.75,32.5,27.25,25.75,24,24.5,23.5,23.5,25.75,28.25,27,25.25,25,23.5,23.25,23.5,23.25,24.75,24.5,24.25,23.5,24.75,24,22.5,22.75,22.75,23.25,22.5,23.75,23,23.5,0
2021-06-01T07:03:04,23,23.25,24,23.75,23.25,24,24.75,25.25,23,24,25.5,25.5,24,24,24.25,23.5,23.75,25.75,29.5,26.5,25.25,23,23.25,23.5,24,28.75,36.25,28,25.5,24.25,23.25,23.5,24,27.5,32.75,27.25,25.25,24.5,24,23.5,23.75,25.5,28.25,26.75,25.5,24.5,23.5,23,22.5,23.25,25,24.5,24.25,23.75,23.75,23.75,22.5,22.75,22.75,23.25,23.5,23.5,23.5,23.75,0
2021-06-01T07:03:05,23,23.5,24.25,24.75,24.5,23.75,25,25.25,23.25,24.25,25.25,25.5,24.25,23.75,24.5,23.5,23.75,26,29.5,26.5,25,23.5,23.25,24.25,24.25,28.5,36.5,27.75,25.5,24,23.5,23.5,24.5,27.75,33.25,27.5,25.25,24.25,24,23.75,24.25,25.5,28,26.75,25.5,24.25,24.25,22.75,23.25,23.75,24.5,24.75,24.5,24.25,24.75,23.75,22.75,23.5,23,23.75,23.5,23,23.25,23.5,0
2021-06-01T07:03:07,23,23.5,24.5,24.25,23.5,24,24.75,25.25,23,23.75,25.5,25.75,24.25,23.75,24.25,23.25,24,26,29.75,26.5,25.25,23.75,23.5,23.25,23.75,28.75,36.75,27.75,25.25,24.25,23.5,23.5,24,27.75,32.75,27.25,25.25,24.25,24,23.5,23.5,25.5,28,27,25.25,24.75,23.5,23.5,23,23.5,25.25,24.25,24.5,24,24.5,23.5,23,23.5,23.25,23.75,23.75,22.75,23.25,23.5,0
2021-06-01T07:03:08,23.5,23.75,24.5,24.5,24.25,23.75,25.5,24.75,23,24,25.5,26,24.5,24,24.5,23,23.75,26.25,29.5,26.75,25.25,24,23.25,24,24.25,29.25,36.25,28,25.5,24.5,23.5,23.75,24.25,27.5,33,27.75,25.25,24.5,24,23.75,24.5,25.25,28.25,27,25.25,24.75,23.75,23.5,22.5,23.75,25.25,24.75,24.5,24,24,23.75,22.5,23.25,23,23.25,23,22.75,23,24,0
2021-06-01T07:03:09,23.5,23.5,24.5,24.25,23.75,23.75,24.75,24.75,22.75,23.75,25.25,25.5,24,23.75,24.5,22.5,24,26.25,29.5,26.75,25.25,23.5,23.25,23.5,24.5,28.75,36.75,28.25,25.75,24.25,23.5,24,24.5,27.5,33,27.5,25.25,24.25,24.25,23.5,24.25,25.75,28.25,27.25,25.5,24.5,24,23.25,22.75,23.75,25,24.75,24.5,23.75,24.25,24,22.5,23,23,23.25,23.75,23,23.5,23.75,0
2021-06-01T07:03:10,23.5,23.5,24,24.5,23.75,23.5,25,24.75,23.25,24.25,26,26,24.25,24.25,24.5,23.5,23.75,26,29.75,27,25.25,23.75,23.25,24,24,28.25,36.75,28,26,24.5,23.5,24.25,24,27.75,33.25,27.75,25.25,24.75,24.25,23.5,24.25,26.25,28.5,27.25,25.75,24.75,23.5,23.75,23,24,25.5,24.75,24.5,23.5,24.25,23.5,22.75,23.75,23.25,23.75,23.25,23.5,23.5,23.75,0
2021-06-01T07:03:11,24,23.5,24.25,24.25,24.25,23.75,25.5,24.75,23,24,25.25,26,23.75,24.5,24,23.5,24.5,26.25,29.75,27,25.25,23.75,23.5,23.5,24.25,28.5,37,28.25,25.75,23.75,23.75,24,24.25,28,33,27.75,25.5,24.5,24,24.25,24.5,25.5,28.25,27,25.5,24.75,23.5,23.75,23.5,24,25.25,25,24.25,24.25,24.5,23.75,23.25,23,23.5,23.25,23.5,23.5,23.5,24,0
2021-06-01T07:03:12,23,23.25,24.25,24.5,24,24,25.25,24.75,24,24.5,25.75,26,24.25,24.5,24.5,23.25,24.25,25.75,30.25,27.25,25.75,23.75,23.5,23.5,24.25,28.75,36.75,28,25.75,24.25,23.25,23.75,24.5,27.25,33.25,27.75,25.5,24.25,24.5,23.5,24.25,25.75,28.5,26.75,26,25.25,23.75,23.5,23,24,25.5,25,24.5,23.75,25,24,22.25,23.5,23.5,23.25,23.25,23.25,23.5,24,0
2021-06-01T07:03:13,23.25,23,24.75,24.5,23.75,23.25,24.75,25,23.5,23.75,25.25,25.5,24.25,24.25,24.25,23.5,24,25.75,29.75,27,25,23.25,23.25,23.25,24,28.5,37,28,25.75,24.25,23.25,23.75,24.25,27.5,33.25,27.5,25.5,24.5,24.5,23.5,24.25,25.5,28.25,27,25.25,24.75,24.25,23.5,23,23.75,25,24.5,24.25,23.75,24.25,23.5,22.5,22.75,23.25,23.25,23.5,22.5,23.25,24.25,0
2021-06-01T07:03:15,24,23.75,24.5,24,24.25,24,25.5,25.5,22.5,23.5,25.75,25.5,23.75,23.75,24.25,23.25,24.5,26.25,30,27,25.25,23.75,23.25,23.75,24.5,28.75,37.25,28,25.75,24.5,24,23.5,24,27.75,33.25,27.5,25.5,25.25,24.25,24.25,24,25.75,28.5,27.25,25.75,24.5,23.5,23.75,22.75,23.75,25,24.5,24.25,24,25,23.75,22.5,23.5,23,23.75,23.5,22.75,24,24.5,0
2021-06-01T07:03:16,23.75,23.5,24.5,24.25,24,24,25.5,24.75,23.25,23.5,25.75,26,24,24,24.5,23,24.25,26.25,30,27.25,25.75,24,23.75,23.5,23.75,28.5,37,28.25,25.75,24.5,23.5,23.75,24,27.75,33.5,27.75,25.75,24.25,24,23.5,24.25,25.5,28.5,27,25.75,25.25,24,23.75,23.75,23.75,25.25,24.5,24.25,24,24,24,22.75,23,23.5,23.25,23.25,22.75,23,24.25,0
2021-06-01T07:03:17,23.5,23.75,24.75,24.5,23.75,23.5,25.25,25,23.5,23.5,26,25.75,24.75,24,24.5,23.25,24.75,26.5,30,26.75,25.25,23.5,23.25,23.5,24.5,28.75,37,28.5,25.75,24.5,23.75,23.75,24.25,28,33.5,27.75,25.75,24.5,24.25,23.75,24,25.75,28.75,27.25,25.75,24.5,24,23.75,24,24.25,24.75,24.5,24.75,23.75,24.75,24.5,22.5,23.25,23.5,23.75,23.25,23.5,23.5,24,0
2021-06-01T07:03:18,23.75,23.5,24.25,24.75,24,23.75,25.25,25.25,23,24.25,25.5,26,24,23.75,24.25,23,24,26.25,30,27.25,25.5,23.25,23.25,23.75,24.25,28.75,36.5,28,26,24.25,23.75,23.25,24.25,28,33.25,28,25.25,24.5,24,23.5,24.25,25.75,28.75,26.75,25.25,24.75,24,23.25,23,23.5,24.75,24.75,24.25,24.25,24.25,23.25,22.25,23,23.5,23.5,23,22.5,23.75,23.75,0
2021-06-01T07:03:19,23.25,23.5,24.5,24.75,24,23.5,25.5,24.75,23.25,24.25,25.75,26.25,24,24.25,24.5,23.25,24.5,26.5,30,26.75,25.75,23.75,23.75,23.75,24.5,29.25,37.75,28.25,26.25,24.5,23.75,23.5,23.75,27.75,33.25,27.75,25.5,24.5,24.25,23.5,24.25,26,28.75,27.25,26,24.5,24,24,23.5,24.25,25.75,25,24.75,24,24.5,23.5,22.25,23.5,23.5,23.5,23.5,23.75,23.25,24.5,0
2021-06-01T07:03:20,23.75,23.5,24.75,24,24,23.75,24.75,25.5,23.5,24.25,25.75,26.25,24.5,24,24.5,23.5,24.5,26.5,30,27,25.75,23.25,23.75,23.5,24.75,29,37.25,28.75,26.5,24.75,23.5,23.5,24.25,28,33.75,27.75,26,24.5,24.25,23.75,24.75,25.75,28.5,27.5,25.75,25,24.25,24,23.25,23.75,25.5,25,25.25,24,25,24,23.5,24.25,23.5,23.5,23.5,23.5,23.75,24.75,0
2021-06-01T07:03:21,22.75,24,24.75,24.25,23.5,23.25,25.25,25.25,23.5,24.25,25.75,25.75,25,24.5,24.5,23.5,24.5,26.5,30.25,27,25.5,24,23.75,23.75,24.25,28.75,37.25,28.5,26.25,24.25,23.75,23.5,24,28.25,33.5,28,26,24.75,24.5,24,24.25,25.75,28.5,27.5,25.75,24.5,23.75,23.25,22.75,23.75,24.75,24.75,24.5,24.25,24.75,24,22.75,23.25,23.5,23.75,23.5,23.5,23.75,24.5,0
2021-06-07T07:13:04,24.25,24,25.5,25.5,25.75,25,25.5,25.5,23.5,24.75,25.25,25.5,25.75,25.25,25.75,25,24,24.75,26.75,25.75,25.75,25,25.5,25.5,24,25,28.25,26.5,26,25.75,25,25.75,23.5,24.25,25.75,26.25,25.5,25.75,25.5,25,23.75,24.25,25.5,29,28.25,25.75,24.75,25.25,23.25,23.75,25.5,26,25.75,25.25,25.75,25,22.75,23.75,24.25,25,24.5,24.75,25.5,24.75,1
2021-06-07T07:13:05,24.25,24,25.5,25.25,25.5,25.5,25.75,25,23.75,24.25,25.5,26.5,25.75,25.25,25.5,25.25,24.25,24.75,26.25,26,26,25.25,25.25,25.25,24,25.25,29,26,26.25,25.75,25.25,24.75,23.75,24.25,26.25,25.75,26,25.5,25.25,25.25,23.75,24.5,26.25,30.5,29,25.75,25.25,25.25,23.75,24,25.5,26,26.25,25.5,25.75,25.5,23.5,24.75,24.5,25.25,25.5,24.75,25.25,25.75,1
2021-06-07T07:13:07,23.25,24,25.25,25,25.25,25.25,25.5,26,23,24,25.25,25.5,25.5,25.25,25.75,24.5,23.75,25,26.25,25.75,25.75,25.5,24.25,25,23.75,25.25,29.75,26.5,26,26,25.25,25.25,23.75,24.75,26.25,26,25.75,25.75,25.25,24.75,24.75,24.5,26,31,30,25.75,24.5,25,23.5,23.75,25.25,26.5,26.25,25.5,25,25.25,23,23.75,24.25,25,25.25,24,24,24.5,1
2021-06-07T07:13:08,24,24,25.5,25.25,25.5,25.5,25.75,25.75,23.75,24,25.25,25.75,25.25,25.5,25.5,25,23.75,24.75,26.5,25.5,25.75,25.5,24.75,25.25,24,26,29.75,26.5,26.25,26,24.75,24.75,23.75,25,26.5,26.25,26,25.5,25,24.5,24.25,24.75,26.25,32,30.5,26,25,24.5,23.75,24.25,25.75,26.75,26.5,25.75,25.5,25.25,23.5,23.5,24.75,25,25.5,24.75,24.75,25.25,1
2021-06-07T07:13:09,24.25,24.25,25.75,25.75,25.75,25,26,26.25,24,24,25.75,25.75,25.5,26.25,26,25,24.25,25.25,26.75,26.25,25.75,25.25,25.25,25.5,24,25.75,30.5,26.75,26,26,25.25,25.5,23.5,24.75,27.25,26.75,26,25.75,25.25,25.5,24.25,25,27,32.5,31,26.75,25.5,25,23.75,24,25.75,27,26.75,26,25.5,25.25,24,24.25,24.75,25.75,25.5,25,25.25,25,1
2021-06-07T07:13:10,24.5,24,25.5,25.5,25.75,25.25,25.5,26.25,24.25,24.25,26,26,25.75,25.5,25.75,25,24.25,25,26.75,26.5,25.75,25.25,25.25,25.25,24.25,25.5,31,26.75,26.5,26,25.25,25.25,24.25,25.25,27.75,27,26.25,25.75,25.75,24.75,24,24.75,26.75,33.25,32,26.5,25,25.25,23.5,24.25,25.75,26.75,27.25,26.25,25.75,25,23.75,23.75,24.5,25,25.25,24.75,25,25.25,1
2021-06-07T07:13:11,23.75,23.75,25,25.5,25.75,25.5,26.25,26.25,23.5,24,25.5,26.25,25.75,25.25,25.75,24.75,24.25,24.75,27,25.75,25.5,25,25,25.25,24,26,31,26.75,26,26.25,25.5,25.5,23.75,25,27.5,26.25,26.25,26,25.75,24.5,24,25,26.75,33.5,32.25,26.25,25,25,23.5,24.5,26,26.75,27.25,26.25,25.75,26,23.5,24.25,24.75,25.5,25.5,24.75,25.75,25,1
2021-06-07T07:13:12,24.25,24.25,25.5,25.75,25.5,25.25,26,25.75,24,24.5,26,26.5,25.5,26,25.75,25.25,24.75,25.25,27.25,26.5,26,25.5,25.25,25.75,24.25,26,31.5,26.75,26.25,26,25.5,25.5,24,25.5,28,27.25,26.25,26,25.5,25.25,24.75,25,27.25,34,33,26.5,25.5,24.75,24,24.75,26.25,27.25,27.75,26,25.75,25.5,23.75,24.75,24.5,25.75,25.75,25.25,25.75,25.25,1
2021-06-07T07:13:13,24.75,24.5,25.75,25.5,25.75,26.5,26.25,26.5,24,24.75,25.5,26.25,25.75,25.75,25.5,25,24.5,25.25,27.75,26.5,26,25.5,25.25,25.5,24.5,26.75,31.75,27,26.25,26.25,25.25,25.5,24.25,25.75,28.75,27,26.25,25.75,25.5,25.5,24.5,24.75,27,34.25,33,26.5,25.5,25,24.25,24.5,26,28,28.25,26.5,26.5,25.75,23.75,24,24.75,25.75,25.75,25.25,25.75,26.25,1
2021-06-07T07:13:15,24.25,24,25.25,25.75,26,25.75,26.25,26.5,23.5,24,25.75,26.5,25.75,25.5,26.25,25.25,24.75,25.25,27.75,26.75,26.25,25.25,25.5,26,24.5,26.25,32.25,27.25,26.75,26,25.25,25.25,24.5,26,28.75,27,26.75,26.25,25.75,25.25,24.5,25.25,27.25,35,33.75,27.25,25.5,25.75,23.5,24.25,26,27.75,28.25,26.5,25.75,25.5,24,24,25.25,25.5,26,25.25,25.25,26,1
2021-06-07T07:13:16,24.25,24.5,25.5,25.5,26,25.5,26,26.75,23.75,23.75,25.5,26,26.25,25.75,26,25.25,24.5,25.5,27.5,26.75,26.5,25.25,25.5,25.25,24.5,26.75,32,27.25,27,26.25,25.25,25.5,24.25,25.5,29,27.25,27,25.75,25.75,25.25,24.75,25,27.5,35.75,33.75,27.25,25.75,25.5,23.75,24.5,26,28,28.75,26.5,26,25.5,23.25,24.75,25.25,25.5,25.75,25.25,25,25.75,1
2021-06-07T07:13:17,24.25,24.5,25.5,25.5,25.5,25.25,26.25,26.75,24.25,24.75,26.25,26.75,25.75,26,25.75,25,24.5,26,27.75,27.25,26.5,25.5,25.25,25.5,24.5,27,33,27.5,26.5,26.25,25.5,25.5,24.5,26,29,27.25,26.75,26,26,25.5,24.75,25.5,28,35.75,35,28,25.5,25.25,23.75,24.75,26.75,28.25,28.5,26.75,26.5,26,23.75,24.75,25.5,25.75,26.25,25.5,25.5,25.25,1
2021-06-07T07:13:18,24.25,24.25,25.75,25.5,25.75,25.75,26.25,26.5,23.5,24.5,25.75,26.5,26,26,26.25,25.25,24.75,25.5,28,27.25,26.25,25.5,25.5,25,24.25,26.5,33.25,27.5,27,26,25.25,25.75,24,26,29.5,28,27,25.75,25.75,25,24.5,25.75,28,36.25,35,27.75,25.25,25.75,24,24.75,26.25,28.5,29,27,26.75,25.5,23.75,24.5,25,26.25,26.5,25.75,25.25,26,1
2021-06-07T07:13:19,24.5,24.5,25.75,25.75,25.75,25.25,27,26.5,23.75,24.75,26,26.75,26,26,26.5,25.75,24.25,25.5,28.25,27.25,27.25,25.75,25.25,25.75,24.5,27.25,33.5,28.25,27.25,26,25.5,25.5,24.5,26.5,29.5,27.75,27,26.25,25.75,25,24.75,25,28.25,37,35.5,27.75,25.5,25.25,24,24.5,26.75,28.5,29,27,26,25.5,23.75,25.25,25,26,26.25,26,25.5,25.25,1
2021-06-07T07:13:20,23.75,24,25.75,25.25,25.25,25.25,26.5,26.5,23.75,24.75,25.75,26.75,25.75,25.25,25.75,25,24,25.5,28,27,26.5,24.5,25,25.25,24.5,27,33.75,28,27,25.75,25.5,25.5,24.5,26,29.5,28.25,26.75,26,25.75,24.75,24.75,25.25,28.5,37.25,35.75,28,25.5,25,23.75,24.75,26.5,29,29.5,27.5,26.25,25.5,23.25,25.5,24.75,25.5,25.75,25.75,25.25,25.25,1
2021-06-07T07:13:21,24.75,24.5,25.75,25.5,25.25,25.75,27,27,24.25,24.75,26.25,27,26,25.5,26.25,25.75,25,26.25,28.75,27.5,27,25.5,25.5,25.25,24.75,27.5,34,28.25,27.25,26.25,25.5,25.75,25,26.5,30.25,28.25,27,26.25,25.75,25.25,25,25.25,29,37.75,36,27.75,25.75,25.5,24.25,25.25,27.25,28.75,30.25,27.25,26.25,25.25,23.5,25,25.75,26,26,26,25.25,25.75,1
2021-06-07T07:13:23,24.25,24.5,25.5,26.25,25.75,25.25,27.25,26.5,24.5,24.5,26,27.25,25.5,25.5,26,25.5,24.25,25.75,28.25,27.25,26.75,25.5,25.5,25.75,24.75,27.25,34,28.5,27.25,26,25.25,26.25,24.25,26.5,30.25,28.25,27,26.5,26,25,25.25,25.75,29.5,38,36,28,25.75,25.75,24,25.25,27.25,29,29.75,27,26.75,26,24.25,24.75,25.75,26,26.75,26,25.25,25.75,1
2021-06-07T07:13:24,24.25,23.5,25.75,26,25.75,25.25,27.25,27,24,24.5,26,26.75,26,25.75,26,25.5,25,25.75,29,27.5,26.75,25.25,25.25,25.25,24.75,27.25,34.25,28.75,27,26,25.25,25,24,26.5,30.75,28.5,27.25,26,25.5,25.75,24.75,25.75,29,38.25,37,28.25,25.5,25.25,24,24.75,27,29.25,30.25,27.5,26.5,25.75,24,24.75,25.25,26.25,26,26,25.5,26,1
2021-06-07T07:13:25,24.25,23.75,25.25,25.75,25.75,25,26.75,26.25,24,24.75,26.5,27.25,26,25.5,26.25,24.75,24.25,25.5,28.75,27.75,27,25.25,25.25,25,24.75,27.5,34.5,28.75,27.25,26.25,25.5,24.75,24.25,26.25,30.5,28.5,27.75,26.25,25.75,24.75,24.5,25.75,29.25,38.75,37,28,25.25,25,24,25,26.75,29,30.5,27.25,26,25.5,23.5,24.5,25.25,26.25,26,25.25,25.25,26.25,1
2021-06-07T07:13:26,24.5,24.75,25.75,25.75,25.5,25.5,27,26.75,23.5,24.5,26.75,27,26,25.75,26.25,25.25,24.25,25.5,28.75,28,26.5,25.5,25.25,25.75,24.5,27.5,34.75,28.75,27.5,26.5,25.5,25.75,24.75,26.5,31,28.75,27.25,26.25,25.5,25,24.5,25.5,29.5,38.75,37.5,28.25,25.75,25.5,23.75,25,26.5,29.5,30.5,27.75,26,26.25,24.25,24.5,24.75,26.5,26,25.75,25.5,25.75,1
2021-06-07T07:13:27,24,25,26,26,25.5,25.5,27,27.25,24,24.75,26.5,27.25,26,25.5,26.75,25,24.25,26.5,29,28,27,25.25,24.75,25.5,24.5,27.5,34.75,28.75,28,26,25,25.75,24.75,26.5,31.5,29.25,27.5,26.25,25.5,25.5,25,26,29.5,39,37.5,28.75,25.5,25.25,24,24.75,27.25,30,31,27.5,26.5,25.75,23.75,24.75,25.5,26.5,26.5,25.75,26,25.75,1
2021-06-07T07:13:28,24,24.5,25.5,25.5,25.75,25,26.75,27,23.5,24.75,26,27,26.25,25.5,26.25,25.5,24.75,26.25,29.25,27.75,27,25.25,25.25,26,24.5,27.5,35.25,29,28,26.5,25.5,25.25,24.5,26.75,31.25,29.25,27.5,26.75,26,25.5,25,26.25,29.75,39.25,38,28.5,26,25.25,23.75,24.75,27.25,29.75,31,28,27,25.25,24.25,24.5,26,26.25,26,25.5,25.25,25.25,1
2021-06-07T07:13:29,24,24,25.75,26,25.5,25.75,27,27.25,24,24.25,26,27,26,25.75,25.75,25.25,24.75,26,29.5,28.5,27,25.25,25.25,25.25,24.75,27.75,35,29.5,27.75,26.25,25,25.25,24.75,26.75,31.75,29.5,27.75,26.5,26,25.25,24.5,25.5,30,39.75,38,28.75,25.5,25.5,24,25.25,27.5,30,31.5,28.25,27.25,26,24,24.75,25.5,26.75,27,26,25.75,25.25,1
2021-06-07T07:13:31,24.5,24,25.5,25.75,26,25.75,27.25,27,24.5,24.5,26.5,27.5,26.5,26.25,26,25,25,26.5,29.25,28.5,27.5,25.75,25.5,25.75,24.5,27.75,35.5,29.5,28,26.25,25,25.75,25,27,32.25,30,28,26.5,25.75,25.5,25.25,26,30.25,40,38.75,28.75,25.75,25.5,24.25,25.25,27.25,30,31.5,28.25,27,25.75,24,24.75,26,26.5,26.75,26.25,26.5,26,1
2021-06-07T07:13:32,23.75,24.25,26,26.5,26,25.5,27.25,27.75,23.5,25.25,27,27.75,26.75,26,26.75,25.25,25,26.25,29.75,28,27.25,25.75,25,25.5,24.75,28,35.75,29.75,28.25,26,25.75,25.25,25,27.25,32.5,30,28.25,26.25,26,25.75,24.75,26.5,30.75,40,38.5,28.25,26.25,25.5,24,25.25,27.75,31,32,28.5,26.75,26.25,24.5,25.25,26.25,26.5,27.25,26,26,26,1
2021-06-07T07:13:33,24.75,24.75,26.25,26.25,26,26.25,27.25,27.5,24.5,25.5,27,28,26,26,27.5,25.25,25,26.75,29.75,29,27.75,26.25,25.5,25.5,25.25,28.5,36.25,30.25,28.5,26.25,25.5,25.25,25,27.5,32.5,30.5,28.25,26.5,26,25.75,25.25,26.5,30.75,40.75,39,29.5,26.25,25.5,24.25,25.25,27.5,30.5,32.5,28.25,27.25,26.5,24.25,25.25,26,26.5,27.5,26.75,26,26.5,1
2021-06-07T07:13:34,24.75,24.25,26,25.75,25.75,25.25,27.25,27.75,24.25,25.5,26.25,27.75,26,25.75,26.5,25.5,25.25,26.25,29.75,28.75,27.5,26,25.5,25.75,25.25,28.25,36.5,30,28,26.5,25.25,25.5,24.5,27.25,33.25,30.25,28.5,26.75,26,25.25,25,26.25,30.5,41,39.25,29.25,25.75,25.75,24,25.25,27.75,30.5,31.75,28.5,27.5,26,23.75,25,26,26.25,26.5,26.5,26.5,26,1
2021-06-07T07:13:35,24.75,24.75,26.5,27,26.5,25.5,27.75,28.25,24.25,25.25,27,28.25,26.75,26,26.75,25.5,25,26.5,30.25,29,27.75,26.25,25.75,25.25,24.75,28.5,36.75,30.5,28.25,26.5,25.75,25.75,25,27.5,33,30.5,28.75,26.75,26.25,25.75,25.25,26.5,31.5,41.25,40,29.5,26.25,25,24,25.5,28,31,32.25,28.75,27.25,26.25,24.5,25.25,26,26.5,27.25,26.5,26.75,26.25,1
2021-06-07T07:13:36,24.5,24.75,26,26.75,25.75,25.75,27.75,27.5,23.5,25.25,27.25,28.25,26.25,26.25,27,25.25,25,26.5,30.25,29.25,27.75,26,25.5,25.75,25,29,36.5,30.25,28.5,26.5,25.5,25.25,24.75,27.5,33.5,31,29,26.75,26.5,25.5,25,26.5,31.25,41.25,39.5,29.25,26.75,25.25,23.75,25.5,27.75,31,32.5,28.75,27.5,26.5,24,25,26.5,27.25,27.5,26.75,26,26,1
2021-06-07T07:13:37,24.25,25.25,25.75,26.5,25.75,25.5,27.5,28,24,25.25,27,28,26.75,26,26.75,25.5,24.5,26.75,30.5,29.25,27.5,25.5,25.25,26,25,29,37,30.25,28.25,26,25.5,26,24.75,27.75,33.75,30.75,29,27.25,26,25.75,25.25,26.75,31.5,41.5,40,29.75,26,25.25,24.75,25.25,28.25,31,32.75,28.5,27.75,26.25,24.75,24.5,25.75,27,27.5,26.25,25.75,25.5,1
2021-06-07T07:13:39,24.5,24.25,26.25,26.25,25.5,26,28,28,24,25.5,27,28.25,26,25.75,26.75,25,25.25,27,30.5,29.25,27.5,25.5,25.5,25.25,24.75,28.5,37,30.25,28.75,26.5,25.75,25.5,24.75,27.75,33.75,31.25,29,27,26.5,25.25,25,27,31.5,41.75,40.25,29.25,26.25,25.25,24.25,25.5,28.25,31.5,32.75,28.75,27.75,26,24,25.25,25.75,26.75,27.25,26.5,26,25.25,1
2021-06-07T07:13:40,24.75,24.75,26.5,26.5,25.75,26,27.75,28.25,24.25,25,27.25,28.25,26.5,26.25,26.5,25.5,25,27.25,30.75,29.5,27,25.75,25,25.75,24.75,29,37,31.25,28.75,26.75,26,25.75,24.75,27.75,34.25,31.25,29.25,26.75,26.5,25.5,25.25,26.25,32,42,40.75,30,26.25,25.5,24.75,25.25,28.25,31.75,33.25,29.25,27.5,26,25,25.5,26.25,27.25,27.75,27,26.25,26.5,1
2021-06-07T07:13:41,24.25,24.75,26,26.5,25.75,25.5,28,27.75,24,24.75,27,28.25,26.75,26.25,27.25,25.5,24.75,26.75,31,30,28,26.25,25.25,25.75,24.75,28.5,37.5,31,28.5,26.5,25.75,25.25,25.25,27.5,34,31.5,29.5,27.5,26,25.75,26,27,32.25,42.25,40.75,29.75,26.5,25.25,25,25.5,28.5,31.75,33.5,29,28,25.25,24.25,25.25,26,27.25,27.5,26.75,26.5,26.25,1
2021-06-07T07:13:42,24.5,25.25,26.75,26.5,26.25,25.5,27.75,28.25,23.5,25,27.25,28.25,26.25,26.5,27.25,25.25,25,26.75,31.25,30,27.75,25.75,25.75,25.25,25.25,29.5,38,31,29,26.5,25.5,26,25.5,28.25,34.5,32,29.25,27.25,26,25.75,25.5,26.75,32.25,42.25,41,29.75,26,25.75,24.5,25.5,28.5,32.25,33.75,28.75,28.25,26.5,24.25,25,26.75,27,27.75,26.75,26.75,26.25,1
2021-06-07T07:13:43,24,24.75,26,26.25,25.75,25.75,28,28,23.75,25.25,27.25,28,26.25,26.5,26.75,25.5,24.75,26.75,31.25,29.75,27.5,26,25.25,25.75,25,29,37.75,31,29,26.5,25.5,25.75,25,28.25,34.5,31.75,29.25,27,26.5,25.25,25.5,26.75,32.5,42.5,41.25,30.25,26.25,25.75,24.25,25.25,28.5,32,33.25,28.75,27.25,26,24.25,25,26,27,27.25,27.75,25.75,26.25,1
2021-06-07T07:13:44,24.75,24.5,26.5,26.75,26,26,27.75,28,24.5,25.5,27,28.5,26.5,26.75,27,25.75,25,27.5,31.25,30.25,28,26.25,26,25.5,25.5,29.25,38,31.25,29.25,26.75,25.75,25.75,25.25,28.5,34.75,31.75,29.5,27.25,26,26,25.25,26.75,32.5,43,41.25,30,25.75,26,24.5,25.75,28.75,32,34,29.5,28,26,24.5,25.25,26,27.5,27.75,27.25,26.25,26.5,1
2021-06-07T07:13:45,25,24.75,26.25,27,26,25.75,28.25,28.5,24.5,25,27.5,29,27,26,27,25.75,25.25,27,31.5,30.5,28,26.25,25.5,25.75,25.25,29.75,38.5,31.5,29.25,27,25.75,26,25.5,28.5,35,32.25,30,27.5,26.5,25.75,25,27.5,33,43.5,41.75,30.5,27,26,24.75,25.75,28.5,32.25,34,29.5,28.5,26.25,24.5,25.25,26.5,27.5,28,27,26.5,26.5,1
2021-06-07T07:13:47,24.25,24.75,26.25,27.25,26.25,25.75,28.25,28.5,24.5,25.25,27.25,28.5,27,26.25,27,25.75,25.5,27,31.75,30.25,28,25.75,25,25.75,25.5,29.25,38.75,31.5,29,26.75,25.5,25.75,25,28.5,35.5,32.25,29.75,27.5,26.25,25.5,25.75,27.25,33.25,43.25,41.75,30,26.25,25.5,24.25,25.75,28.5,32.25,33.75,29.25,27.75,25.75,24.75,24.75,26.25,27.5,27.75,27.25,27,26.25,1
2021-06-07T07:13:48,24.75,25,26.5,26.75,26.5,25.75,28,27.75,24,25,27.5,28.75,27,26,27.25,25.25,25.25,27.25,31.5,30.25,28.25,25.75,25.75,25.75,25.25,29.75,38.5,31.75,29,26.25,25.5,25.25,25.25,28.75,35.25,32.75,30.25,27.75,26.5,25.5,25.5,27.25,33,43.5,42,30.75,26.75,25.75,24.25,25.5,29.25,32.75,34.25,29.5,28.75,26.5,25,25.5,26.5,27.5,27.75,27.25,26.75,26.5,1
2021-06-07T07:13:49,25.25,25,27,27.5,26,26,28.5,28.5,24.75,25.75,28,28.75,27.5,26.5,27.5,25.75,25.5,27.5,31.75,30.75,28.5,26.25,25.5,25.75,25.25,29.5,38.5,32,29.25,26.5,26,25.5,25.25,28.75,35.75,33,30.25,28,26,26,25.25,27.5,33,44,42,30.75,26.5,26,24.5,26.25,29.25,33,34.75,30,28.25,27,24.25,24.75,26.5,27.75,27.5,27.5,26.5,26.5,1
2021-06-07T07:13:50,25,25.25,26.75,27,26.75,25.5,28.75,28.75,24.5,25.5,27.75,29,27.5,26.75,27.5,25.75,25,27.5,32,30.5,28.5,26,25.75,26,25.75,30,39.25,32,29.25,26.75,25.5,26.25,25.25,29,35.75,33,30.25,27.5,26.5,25.5,25.5,27.5,33.5,43.75,42,30.75,26.75,25.5,25,26.25,29.25,33,34.5,30.5,28.5,26.75,25,25.75,26.5,28,28.25,27.75,26.5,27,1
2021-06-07T07:13:51,24.5,25.25,26.5,27.25,26.25,26.25,28.5,29,24.75,25.5,28,29.25,26.75,26.5,28,26,25,28,32,30.75,28.5,25.75,25.5,26.25,25.75,29.75,39,31.75,30,27,25.75,26,26,28.75,36.25,33.5,30.25,27.75,26.75,25.75,25.75,27.25,33.5,44.25,42.25,31,26.5,26,24.5,26,29,33,34.75,30.25,29,26.75,24.75,25.75,26.5,27.75,28,27.25,27,26.5,1
2021-06-07T07:13:52,25,24.5,26.5,27,26.25,25.75,29,28.5,24.75,25.5,28.25,29,26.75,26.5,27.25,25.5,25.5,27.75,32.25,30.75,29,26.25,25.25,26,25.75,30.25,39.5,32.5,29.75,27,26.5,25.75,25.5,29.25,36,33.25,30.5,27.75,26.25,25.5,25.75,28,33.5,44.5,42.75,30.75,26.5,25.75,24.5,25.75,29.5,33,34.75,30.25,28.75,27.25,24.75,25.5,26.5,27.75,28.5,27.5,27.25,26.75,1
2021-06-07T07:13:53,24.5,25,27.25,27,26.75,26.25,28.5,29.25,25,25.5,28,29,27.5,26.5,27.5,25.25,25.75,27.5,32.5,30.75,29,26.25,25.75,25.25,25.75,30,39.75,32.75,30,26.75,25.75,25.5,25.75,29.25,36,33.25,30.75,27.75,26.5,26,25.75,27.75,33.75,44.25,43,31.25,26.75,25.75,24.75,26,29.25,33.75,35,30.25,28.75,27,24.5,25.5,26.75,28,28,27.75,26.5,26.5,1
2021-06-07T07:13:55,24.5,25,26.75,27,26.75,25.5,28.5,29,24.75,25.25,28,29.25,27.25,26.75,27.75,25.5,24.75,27.75,32.25,31,28.5,26.5,25.75,26.5,26.25,30.25,39.75,32.75,29.75,27.5,26,26,25.75,29.5,36.25,33.75,30.75,28,26.75,25.75,25.75,27.5,34,44.75,42.5,31.25,26.25,26,24.5,26,29.25,33.5,35.25,31,28.75,26.5,24.75,26,26.75,27.75,28.25,28,27.25,26.75,1
2021-06-07T07:13:56,24.75,24.75,26.75,27,26.5,26,28.5,28.75,25,25.5,28,29.25,27,27,27.75,25.5,24.75,27.75,32.5,31.25,28.5,26,25.25,26.25,25.75,30.25,39.5,33,30,27,25.75,25.75,25.5,29.25,36.75,33.25,30.75,27.75,26.75,25.5,25.5,27.25,34.25,44.5,42.5,31.25,26.75,26,24.75,26.25,29.25,33.75,35.5,30.25,28.5,26.25,24.75,25.25,26.75,27.5,28.25,27.75,26.5,26.5,1
2021-06-07T07:13:57,24.75,24.75,26.5,27.75,26.5,25.75,28.5,29,24.25,25.5,28,29.5,27,26.5,27.5,25.5,25.25,27.75,32.5,31.25,28.75,26.25,25.75,25.75,26,30.25,40,33,29.5,27.25,26.25,25.75,25.5,29,36.5,33.75,31,27.75,27,25.75,26,27.5,34.25,45,43.25,31,26.5,26,25,26.25,29.25,34,35.5,30.5,28.75,26.5,25,25.5,26.5,28,28.75,27.75,27,26,1
2021-06-07T07:13:58,25,25,27.25,27,26.75,26.25,29.5,29,24.75,25.25,28.25,29.5,27,27,27.5,25.75,25.5,28,32.5,31,28.75,26.75,26,26.25,26,30.25,40,33,29.75,27.25,26,26,25.5,30,36.75,33.5,30.75,28,26.5,26.5,25.75,28,34.5,44.75,43,31.25,27.25,25.5,25,26.25,29.75,34,35.5,30.5,28.75,26.75,25,26.25,26.5,28,28.75,27.25,27,27.25,1
2021-06-07T07:13:59,24.75,24.75,26.75,27.5,26.5,26,28.5,28.5,24.75,26,28,29.25,27.75,26.75,27.25,25.5,24.75,27.75,32.75,31,29,26,26,25.5,25.5,30,40,33,29.75,27,26,26,25.5,29.25,37,34.25,30.75,27.75,26.75,26,25.5,27.75,34.25,45.25,43.5,31.25,27,25.75,24.5,26.5,29.5,33.75,36,30.25,29.25,26.5,24.25,25.5,26.5,28.25,28.5,27.75,27,26.75,1
2021-06-07T07:14:00,25,25,27,27.75,26,25.75,28.5,28.5,24.5,25.25,28,29.5,27,27,28,25.5,25.25,27.75,33,31.75,28.5,25.5,25.75,25.5,25.5,30,40.5,33.25,30,27,25.75,26,26,29.5,37,34.25,31.25,27.5,26,25.5,25,28,34,45.5,43.5,31.25,26.75,26.25,24.5,25.75,29.5,34,35.25,31,29,26,24.25,25.5,27.25,28,28.25,26.75,26.75,26.5,1
2021-06-07T07:14:01,25,24.5,27,27.5,26.5,26,28.5,29,24.75,26,28.25,29.75,28,26.75,27.5,25.75,25.5,28,33.5,31.5,29,26.75,25.5,26,26,30.25,40.5,33.5,30.5,27.25,25.75,25.75,25.25,29.75,37.5,34,31,28,26.75,25.75,25.75,27.75,34.75,45.5,43.75,31.5,27,25.75,24.75,26.5,30.5,34.25,36,30.75,29,27,25,25.75,26.75,27.75,28.75,28.5,27.25,26.25,1
2021-06-07T07:14:03,25,25,27.5,28,27,26.25,29.25,29,24.75,25.5,28.5,30,27.75,26.75,28.25,25.75,25.75,28.25,33.25,31.75,29.25,26,25.75,25.75,25.75,30.25,40.5,33.5,30.5,27.5,25.75,25.75,25.75,29.75,37.5,35,31.5,28,27,25.75,25.75,28,35,46,43.75,31.5,27,26,25,26.25,30.25,34,36,30.5,29,27,24.75,25.75,27.25,28.25,29,28,27.5,27.25,1
2021-06-07T07:14:04,25.25,25.25,27.5,28,26.5,26.25,29,29,25,26.25,28.5,30.25,27.75,27.25,28.25,26.25,25.25,28.5,33.25,31.75,29.25,26.5,26,26.25,26,30.25,40.75,33.5,30.5,27.75,26,26,25.25,29.5,37.75,34.75,31.25,28.5,27,26,25.25,28.25,35,46.25,43.75,31.75,27.75,26.25,25.25,26.25,30,34.5,36,30.75,28.75,27,24.75,25.5,27,28.5,29,28,27.5,26.75,1
2021-06-07T07:14:05,25.5,24.75,27,27.25,26,26,29,29,25,26,28.25,29.75,27.25,26.5,28,26,25,27.75,33,32,29.5,26.25,25.75,26,26,30.5,40.75,33.75,30.25,27.5,26,26.25,26,30,38,34.75,31.75,28.25,26.75,26,25.75,27.75,35,46,44,31.75,27.5,25.75,24.75,26.5,30.25,34.75,35.75,31.25,29,26.75,24.75,25.75,27.25,28,29,27.75,26.75,27,1
2021-06-07T07:14:06,25,25.25,27.25,27.75,26.75,26.5,29.5,29.5,25.5,26,28.5,30.5,27.75,27.25,28.25,25.75,26,28.25,33.75,32.25,29,26.5,25.75,26,25.75,30.75,41,33.75,31,27.5,26.25,26,26,30,38.25,35,32.25,28.5,26.75,26,25.75,28.25,35.25,46.25,44.25,32.25,27.5,26.25,25.5,26.5,30.25,35,36.25,31.25,29.75,27,25,25.75,27.5,28.5,29.25,28.25,27,27,1
2021-06-07T07:14:07,25,25.25,27.25,27.75,26.25,26.5,29,29.25,24.75,26,28.75,30.5,27.75,26.75,28.25,25.75,25.75,28.25,33.75,32.25,29.75,26.25,26.25,25.75,25.75,31,41.25,34,30.5,27.25,26,26.25,26,30,38.25,35.5,32.25,28.5,27.25,26,26,28.5,35.5,46.5,44.5,32,27.5,25.5,25,26.75,30.75,35,36.5,31.25,29.75,27,25.25,26,27,28.75,29.5,28.25,27.75,27,1
2021-06-07T07:14:08,24.75,25.5,27.5,27.75,26.5,26.25,29.5,29.25,24.75,26.25,28.75,30.25,27.5,26.75,28.25,26.5,25.75,28.25,33.75,32.25,29.75,26,26,26,26.25,31,41.5,34,30.75,27.25,25.75,26,25.75,30.25,38.25,35,32,28.5,27.25,25.75,26.5,28.5,36,46.75,44.25,32.25,27.75,26.5,25.25,26.25,30.25,34.75,36.75,31.25,29.5,26.5,25.25,25.75,26.75,28.5,29.25,28,27,27,1
2021-06-07T07:14:10,24.5,25,26.75,27.5,26.25,26.25,29.5,28.75,24.75,25.75,28.75,30.25,28,27,28,25.75,25.25,28.25,33.75,32.25,29.5,27,25.75,25.5,25.5,30.75,41,34.25,30.75,27.75,26,25.75,26.25,29.75,38.5,35,31.75,28.25,27.25,26,26,28,35.75,46.5,44.25,32,27,25.75,24.5,26.5,30.75,35,36.5,31.5,29.5,26.75,25,25.5,27.25,28.5,29,27.75,27.25,27,1
2021-06-07T07:14:11,25,25,28,28,26.75,26.5,29.25,29.5,25,25.75,28.5,30,28,27,27.75,26,25.5,28.25,34,32.75,29.75,26,25.25,26.25,26.25,31,41.5,34.25,31,27.5,26.25,25.75,25.5,30.25,38.5,35,31.75,28.75,27,26.5,26,28.5,35.75,46.75,44.5,32.5,27.5,26.75,25,26,30.25,34.75,37,31.25,29.25,26.75,24.5,25.75,26.75,28.75,28.75,28.25,27.75,26.75,1
2021-06-07T07:14:12,25.25,25.5,27.75,28,26.5,26.25,29.5,29.25,24.75,26.25,28.75,30.25,28,27.25,28.5,26,26.25,27.75,34,32.75,29.5,26.25,26,26.25,25.75,31.25,41.75,34.5,31.25,27.5,26.25,26.5,26,30.75,38.75,35.75,32,28.5,26.75,26.25,26.5,28.5,35.75,47,44.75,32.25,28,26.5,25.25,26.75,31,35.25,37,31.75,29.5,27.25,25,25.75,27.5,28.75,29.25,28.5,28,27,1
2021-06-07T07:14:13,24.5,25.5,27.25,28.25,26.5,26,29.25,29.25,25,26.25,28.75,30.25,28,26.75,28.5,25.75,25.75,28,33.75,32.75,29.75,26.75,26,26.5,26,31.75,41.5,34.5,31.25,27.75,26.5,26.25,26,30.25,38.75,35.75,32.25,29,27,26.5,26,28.75,36.25,47.25,44.75,32.25,27.5,26.25,24.75,26.25,30.75,35,37.25,32,30,26.5,25,26.25,27.5,28.75,29.75,28.5,27.25,27.25,1
2021-06-07T07:14:14,25.25,25,27.25,27.75,26.75,26,29.75,29.75,25,26.25,29,30.5,27.75,27.25,28,26,26,28.75,34,32.75,29.5,26.75,26,26.25,26,31.25,42,34.75,31.25,27.5,26,26,26.25,30.25,38.75,36,32.25,29,27.25,26,25.75,28.5,36,46.75,44.75,32.25,27.5,26.75,25.5,26.75,31,35.25,37.5,31.25,29.75,27.25,24.75,25.75,27.5,28.75,29,28.5,27.5,27.25,1
2021-06-07T07:14:15,25.25,25.25,27.75,28.5,26.75,26.75,29.75,29.75,25.25,26.25,29,30.5,27.5,27.5,28.5,26,25.5,28.5,34.5,33,29.75,26.75,25.75,25.75,26.25,31.5,42.25,34.75,31.5,27.5,26,26.25,26.25,30.75,39.25,36,32.25,28.5,27,26.25,26.25,28.75,36.25,47.5,45,32.75,28,26.75,26,26.75,30.5,35.75,37.25,31.75,30,27.25,25.5,25.75,27.25,28.75,29.25,29,27.75,27,1
2021-06-07T07:14:16,25.5,25.5,27.75,28.25,27,26,29.25,29.75,25,26.25,29.25,30.75,28.25,27.75,28.25,26.25,26,28.5,34.25,33,30,26.75,25.75,26.25,26,31.5,42.25,35,31.25,27.75,26,26,26,30.5,38.75,36,32.5,28.5,27,26,25.75,28.75,36.5,47.5,45.25,32.75,27.75,26.25,25.25,26.75,31.25,35.5,37.75,32.25,29.5,27,25,26,27.5,29,29.25,28.75,27.25,27.5,1
2021-06-07T07:14:18,24.75,25.5,27.5,28,26.75,26.75,29.5,29.5,24.75,26,29.25,30.5,28.5,27.5,28.25,26,25.75,28.5,34.25,33,29.75,26.5,26,25.75,26,31.75,42.25,35,31.25,28,26,26.25,25.75,30.25,39,36.25,33,29.5,27,26,26.25,28.25,36.5,47.5,45.25,32.5,27.5,26.5,24.75,26.75,30.75,35.75,37,32,29.75,27.25,24.25,26,27.5,28.75,29.75,28.75,27,26.5,1
2021-06-07T07:14:19,24.75,25,27.5,28,27,26.25,29.25,30,24.5,26,29.25,30.5,27.5,27,28.25,26.5,25.5,28.75,34.25,32.5,29.75,26.5,25.75,25.75,26,31.5,42,35.25,31.25,27.75,26.25,26.25,26,30.5,39.25,36.5,32.75,29,26.75,26.5,26,28.25,36.5,47.75,45.75,32.5,27.5,26,24.75,27,31,35.5,37.25,32,30.25,26.75,24,25.5,27.25,29,29.5,28.5,27,26.75,1
2021-06-07T07:14:20,25,25.75,27.5,28.25,27.25,26.25,29.75,29.75,25,26.25,29.25,31,28,27.5,28.25,25.75,25.75,28.75,34.5,33.25,30.25,27,26.25,26,26,31.5,42.75,35.5,31.5,28,26.25,25.75,26,30.5,39.5,36.25,32.75,28.75,27,26,26.5,29,36.75,47.75,45,32.25,27.75,26.75,25.75,26.75,31,36,37.75,32.25,30.5,27,25,25.75,27.25,28.75,29.5,28.5,27.25,27.75,1
2021-06-07T07:14:21,25,25.75,28,28,27,26.75,29.25,29.5,25.5,26.5,29.5,31.25,28.5,27.25,28.5,25.5,26.25,28.5,34.25,33.5,30.25,27,26.25,26,26,32,42.25,35.5,31.75,27.75,25.75,26.5,26.25,30.5,39.5,36.5,33.25,29.25,27.75,26.5,26.5,28.75,37.25,47.75,45.75,32.75,27.75,26.25,25.5,26.5,31.25,36,37.75,31.75,30.5,27,24.25,26.5,27.75,29,30,29,27.25,27.25,1
2021-06-07T07:14:22,25.5,25.5,27.75,28.5,27,26.25,29.25,30,25,26.25,29.5,30.75,28.5,27.5,28.25,26.25,26,29,34.75,33.5,30.25,26.75,26,26,26,31.75,42.5,35,31.75,27.75,26.25,26.25,26.5,30.75,40,36.5,33,29.25,27.25,26.5,25.75,28.75,37,48,45.75,32.5,28,26.75,25.25,27.25,31.5,36.25,38,32.25,30.5,27.75,24.75,25.75,27.5,29.25,29.5,29,27.75,27.25,1
2021-06-07T07:14:23,25,25.75,28,28.5,26.75,26.5,29.75,29.75,25,26.25,29.5,30.75,28.25,27.75,28.75,26,26,28.75,34.5,33.25,30.25,27,25.5,26.25,25.75,31.5,42.75,35.25,31.5,27.75,26,26,26,30.75,39.75,36.75,32.75,29,27,27,26,28.5,37,48,46,33,27.75,26.5,25.5,27,31.25,36,38,32.25,30.25,27.5,25.25,25.75,27.75,29.25,30,29,28,27.5,1
2021-06-07T07:14:24,24.75,25.75,28.25,28.75,27,26.75,29.5,29.75,25,26.25,30,30.75,28.25,27.75,29,25.5,25.75,29.25,34.75,33.5,30.5,26.75,26,26,26,31.5,42.75,35.5,31.75,27.75,26.25,26,25.75,30.75,39.75,36.75,33.25,29,27.25,26.5,26.25,29.25,37.25,48.25,46,32.75,27.5,26.5,25.75,27.25,31.75,36.5,38.25,32,30.25,27.5,25,27,28,29.5,30,29.25,28,28,1
2021-06-07T07:14:26,25.5,25.75,27.5,28,26.75,26.5,29.5,30,25.25,26,29.75,31.25,28.5,27.75,28.25,26,25.75,29,34.5,33.5,30,27,25.75,25.5,26.25,31.75,42.75,35.25,31.5,28,26.25,25.75,26.25,31,39.5,36.75,32.75,28.75,28,26,26.25,28.75,37,48,45.75,32.75,28.25,26.5,25.5,27,31.75,36.25,37.75,32.25,30,27.25,25.25,26.25,28.25,29.25,30.25,28.75,28,26.5,1
2021-06-07T07:14:27,25,25.5,27.75,28.75,27,26.5,30,29.75,24.75,26.5,29.25,31,28.25,27.25,28.25,26,26,29,34.75,33.25,29.75,26.5,25.75,26,26,31.75,42.5,35.5,31.75,27.75,25.75,26,26,31,39.75,36.75,33.25,29,27.5,26,25.5,28.75,37.25,47.75,46,32.75,27.5,26.5,25,26.75,31,36,37.75,32,30,26.75,24.5,26,27,29.5,29.5,29,27.75,27.25,1
2021-06-07T07:14:28,25,25.75,28,28.75,27.25,26,29.75,29.75,24.75,26.25,29.25,31.25,28,27.75,28.25,26.25,25.75,29.25,34.75,33.5,30.25,26.5,25.75,25.75,26,32,43,35.75,32,28,26,26,26.25,31,40,37,33,29.25,27.25,26.75,26.25,29,37.25,48.25,46.5,33.25,27.75,26.5,25,27,31.25,36.5,38.5,32.5,30.25,27.75,25.25,26,28,29,30,28.5,27.5,27.5,1
2021-06-07T07:14:29,25.25,25.75,27.75,28.75,27.5,26.5,30,29.5,25.25,26.5,29.5,31,28.25,27.5,28.25,26.25,25.75,29,35,33.25,30.5,26.75,26.25,26,26.25,31.75,42.75,35.5,31.75,27.75,26.5,26,26.25,31.25,40.25,37,33.5,29,27.25,26.75,26.25,29,37.25,48,46,32.75,28.25,26.5,25,27,31.5,36.75,38.25,32.25,30.25,27.25,25.25,26.25,27.75,29.5,30.5,28.75,27.75,27.25,1
2021-06-07T07:14:30,25,25.75,27.75,28.5,27.25,26.5,29.5,29.75,24.75,26.5,29.75,31.25,28.75,27.25,28.5,26,25.75,29.25,35.5,34,30.25,27,25.75,26,26.25,32,43.5,35.75,32,28,26,26.5,26.25,31,40.25,37.75,33.5,29.25,27.25,26,26.25,29,37.75,48.75,46.25,33.25,28.25,26.75,25.5,27,31.5,36.75,38.25,32.5,30.25,27.25,25,26.25,27.75,29.5,30.25,29,28.25,27.5,1
2021-06-07T07:14:31,25.25,25.25,27.5,28.75,26.75,26.75,29.75,29.75,25,26.25,30,31,28,27.5,28.5,26,25.75,29,34.75,33.5,30.5,27,25.5,25.75,26.25,31.75,43,35.75,32,28,26.25,25.75,26,31.25,39.75,37.25,33.5,29.5,27,26,26.5,29,37.5,48.25,46,33,28,26.5,25.25,27,31.75,36.5,38.5,32.25,30.25,27,24.5,26,28,29.25,30.25,29,27.5,27,1
2021-06-07T07:14:32,25,26,28.25,28.5,27.25,26.75,29.75,29.75,25.5,26.5,30,31.25,28.5,27.5,29,26,26.25,29.25,35.5,33.75,30.5,26.75,26,26,26,32.25,43.25,36,32.25,28.25,26.5,26,26,31.5,40.25,37.25,33.5,29.75,27.75,26.25,26.5,29,37.75,49,46.25,33.25,28.25,27,24.75,26.5,32,36.75,38,32.25,30.5,27.25,24.75,26,27.5,29.5,30.25,28.75,28,27.25,1
2021-06-07T07:14:34,25,25.5,28,28.75,27,26,30,29.5,25.25,26,29.5,31.5,28.75,27.5,28.75,25.5,26,28.75,35.25,33.75,30.5,27,26.25,25.75,26,32,43.25,36.25,32.25,27.75,26.25,26.25,26.25,31.25,40.75,37.75,33.75,29.5,27.5,26.25,26.5,29.25,37.5,48.75,46,33,28,25.75,25.5,27.25,32,36.75,38.75,32.5,30,27,24.75,26,27.75,29.5,30.5,29.5,27.75,28,1
2021-06-07T07:14:35,25.25,25,28.25,28.75,26.75,26.25,29.75,29.75,24.75,25.75,29.75,31.5,28.25,27.5,28.75,26,26,29.25,35.25,34,30.5,26.75,26.25,25.5,26.25,32.25,43.5,36,32.25,28,26.25,25.75,26.25,31,40.5,37.5,33.75,29.25,27.5,26.5,26.25,29,38,49,46.5,33.25,28,26.5,24.75,26.75,31.75,37,38.5,32.5,30.5,27,24.75,26.25,27.5,29.5,30.75,29,27.75,28,1
2021-06-07T07:14:36,25,25.5,27.75,28.5,26.75,26.25,30,30,25.25,26.25,29.75,31.5,28,27.75,28.5,25.5,25.5,29,35.25,34,30.25,27,25.75,25.5,26.25,31.75,43.75,36,32.25,28,26.25,26,25.75,31.25,40.75,37.5,33.5,29.5,27.5,26,26.25,29.25,38,49.25,46.5,33.25,27.5,26.25,24.75,26.75,32,37,39,32.75,29.75,27,25,26,28,29.25,30.5,28.75,28,28,1
2021-06-07T07:14:37,25.5,25.75,28.25,29,27.75,26.75,30.25,30.5,25.25,26.5,30,31.5,28.5,27.5,28.75,26,25.75,29,35.25,34.25,30.25,27,25.5,26,26.5,32.25,43.75,36.25,32.25,28.5,26,26.25,26.25,31.25,41.25,37.5,34,30,27.5,26.75,26,29.5,38,48.75,46.75,33.5,28.25,27,25.5,27,32,37.25,39,33.25,30.5,27.5,25.75,25.75,27.75,29.5,31,29.25,27.75,27.5,1
2021-06-07T07:14:38,24.5,26,28.25,29.25,27.25,26.75,29.75,30,25,26.25,30,31.75,28.5,28,28.75,26,25.5,29,35.75,34.25,30.75,27,26.5,25.75,25.75,32.25,43.75,36.5,32.5,28,26.25,26,26.25,31.25,41.25,37.75,34,29.5,27.25,26.75,26.25,29.25,38.25,49,46.5,33.75,28,26.25,25.5,27.25,32.25,37.75,39.25,32.5,30.75,27,25,26,27.75,29.25,30.5,29,28.25,28,1
2021-06-07T07:14:39,25.25,25.5,28.25,29,26.75,26.5,30,30.5,25,26.75,29.75,31.75,28.5,27.75,29.25,26.5,25.75,29.25,35.75,34,30.5,27,26,26,26.5,32.25,44,36.25,32.5,28,26.75,26,26.5,31.75,40.75,38,33.75,30,27.5,27,26.75,29.5,38.25,49.25,47,34,28,26.75,25.25,26.75,32,37.5,39,32.75,30.5,27.5,25.25,26.5,28,29.5,30.75,29.5,28.25,27.5,1
2021-06-07T07:14:41,25.25,25.25,28.25,29,27.25,26.75,30,30.25,25,26.5,29.5,31.25,28.25,27.25,28.75,26,25.75,29,35.5,34.25,30.25,27,26.25,25.5,26.5,31.75,43.75,36,32.5,28,25.75,26,26,31.5,41,38,34,29.5,27.5,26,26.25,29.5,37.75,49,46.5,33.75,28,26.5,25.75,27.5,31.75,36.75,39,33.25,30.75,27.25,24.5,26.25,28,29.25,31.25,29.25,27.5,27,1
2021-06-07T07:14:42,25.25,25.5,28.5,29,27.5,26.25,30.25,30.25,25,26.75,30,31.75,28.75,27.5,28.75,25.5,26,29.5,35.75,34.5,30.75,27,25.5,26.25,26.25,32.5,43.75,36.5,32.5,28.5,26.25,26,26.25,31.5,41,38,34,30,28,26.25,26.75,29.75,38.25,49.25,46.75,33.75,28,26.5,25.5,27.25,32,37.5,39.5,33.25,30.25,27.75,24.75,26.25,28,29.75,31,29.25,28.25,28,1
2021-06-07T07:14:43,24.75,25.5,28.25,29,27.75,26.5,30.5,30.5,25.25,26.5,30.25,31.5,29,28,28.75,26,25.75,29.25,35.75,34.25,30.5,27.25,26.25,26.5,26,32.5,44.25,36.75,32.75,28.5,26.5,26,26.25,31.5,41.25,38.25,34.5,30,27.75,26,26.75,29.5,38.25,49.25,47,33.75,28,27,25.5,27.5,32,37.5,39.25,33.25,31.25,28,25,26,28.25,29.5,30.75,29.5,28.25,27.5,1
2021-06-07T07:14:44,25.25,26,28,29,27.25,26.75,29.75,30.25,25,26.5,30,31.5,28.75,28.25,29.25,25.75,25.75,28.75,35.75,34.5,31.25,26.75,25.75,25.75,26,32.75,44.25,36.25,32.25,28.75,27,26,26.25,31.5,41.25,38.25,34,30.25,27.5,26.5,26.25,29.75,38.5,49.75,47.25,33.5,28.25,26.75,25.5,26.75,32.25,37.5,39.75,33.5,31.25,27.25,25.25,26.25,28,30.25,30.75,29.5,27.75,27.5,1
2021-06-07T07:14:45,24.75,25.75,28,28.75,27.25,26.25,29.5,30,25.25,26,30.5,31.75,28.5,27.5,29.25,26,26,29.25,35.75,34.25,31.25,27,25.75,25.75,26,32.5,44.25,36.5,32.75,28,26.25,26.25,26.25,31.5,41.25,38,34.5,30,27.75,26.5,26.25,29.75,38.5,49.5,46.75,33.75,28.5,26.5,26,27.25,32.5,37.5,39.25,33.5,31,27.75,25.5,25.75,27.75,29.75,30.75,29.5,27.5,28.25,1
2021-06-07T07:14:46,25,25.5,28.25,29.5,27.75,26.75,30.25,30.25,25,26.75,30.25,32,28.75,28.25,29.25,26.25,26,29.75,36,34.75,31,26.75,26,26,26.5,32.5,44.5,36.75,33,29,26.25,26.5,26.5,31.75,41.25,38,34.25,30,27.75,26.75,26.75,29.75,38.5,49.5,47,33.75,28.5,26.5,25.25,27.25,32.75,37.75,39.5,33.75,31,28,25,26.5,28,29.75,30.75,29.5,28.25,28,1
2021-06-07T07:14:47,25.75,25.5,28.5,28.75,27.5,26.5,30.75,30.5,25.75,26,30.25,32,29.25,28,28.75,26.25,26.5,29,35.75,34.5,31,27.75,26.5,25.75,26.5,32.25,44.75,37,33,28.75,26.75,26.5,26.25,32,41.5,38.75,34.75,30,27.75,26.5,26.5,29.75,39,50,47.25,34.25,28.5,27,25,27.5,32.75,37.75,39.5,33,30.75,27.5,25.25,25.5,28.5,30,31,29.75,28.75,27.25,1
2021-06-07T07:14:49,25.5,25.75,28.5,29.25,27.75,26.75,30.75,30.25,25.25,26.75,30.5,32.25,28.75,28.25,29.5,25.75,25.5,29.75,36.25,34.75,31,27.25,26.25,26.5,26.75,32.75,44.5,37,33.25,28.75,26.75,26,26.5,31.75,41.75,38.5,34.5,30,28,27,26.25,29,38.75,49.5,47.75,34.25,28.75,26.5,25.25,26.75,32.75,37.5,39.5,33.5,31,27.75,25.5,26.25,28.5,29.75,30.75,30,28.25,28.25,1
2021-06-07T07:14:50,25,26,28.25,29.25,27.75,26.75,30.75,30.25,25.25,26.5,30.75,32,28.75,28,29.25,26,26.25,29.75,36.5,34.5,31,26.75,26,26.5,26.5,32.75,44.75,37,33,28.75,26.75,26.25,26.5,31.75,41.5,38.25,34.75,30,28,27,26.25,29.75,38.75,49.75,47.5,34,28.25,27,25.25,27.25,32.5,38,39.5,33.5,31.5,27.5,24.75,26.5,28,29.5,30.75,29.5,28.25,28.5,1
2021-06-07T07:14:51,25.75,26,28.5,29.25,28,26.5,30.75,30,25,26.5,30.25,32.25,28.75,28.25,29.25,26.5,26.5,29.5,36.5,35.25,31.5,27.75,26.25,26.25,25.75,32.75,44.5,37.25,33,28.75,26.5,26.75,26.75,31.5,41.5,38.5,34.5,30.5,28,27,26.5,29.5,38.75,50,47.75,34,28.5,27,25,27.5,32.5,38,39.75,33.25,31,27.75,25,26.5,28.25,30,31.25,29.75,28.25,28.75,1
2021-06-07T07:14:52,25.25,26,28.5,29,27.5,26.75,30.75,30.25,25,26.75,30.75,32.5,29,28.25,29.25,26.25,26.75,30,36.25,35.25,31.25,27.75,26.25,26.25,26.25,33,44.75,37.75,33.25,28.75,26.5,26.5,26.75,32.25,42.25,39,35,30.5,28.5,26.5,26.75,29.75,38.75,50.25,48,34.5,28.5,26.75,25.25,27.75,32.75,38.25,39.75,33.75,31.25,27.5,25.25,26.5,28.75,30.25,31.25,30.25,28.5,28.25,1
2021-06-07T07:14:53,26,26.25,29,29.75,28,27.25,30.75,30.75,25.5,27.25,31,32.5,29.5,28.25,29.5,26.5,26.25,30.5,37,35.5,31.75,28,26.5,26.5,27,33.5,45.75,37.75,33.75,29,27,26.75,27.25,32.75,42.5,39.25,35.25,30.75,28.5,27,27.25,30.75,39.25,51,48,34.75,29,27.25,26.5,28,33.25,38.25,40.25,33.75,32,28,25.5,26.5,28.5,30.5,31.5,30.25,28.5,28.5,1
2021-06-07T07:14:54,25.75,26.5,29,29.75,28.25,27.5,31.25,31,25.75,27.5,31,33.25,29.75,28.5,29.75,27.5,26.5,30,37,35.75,32,28.25,27,26.75,26.75,33.75,45,37.75,34,29.5,27.25,27,27.25,32.75,42.75,39.25,35.75,30.5,28.25,26.75,27.5,30.75,39.75,50.75,48.25,34.5,29,27.5,26.5,28,33.5,38.75,40.25,34,31.75,28.25,25.5,27,28.75,30.5,32,29.75,29.25,28.25,1
2021-06-07T07:14:55,26,26.25,28.75,29.75,28.5,27,31,31.25,25.75,27.25,30.75,32.5,30,28.75,29.5,27,26.5,30.25,36.75,35.5,31.5,27.75,26.25,26.25,27,33.25,44.75,37.75,33.75,29.5,26.5,26.5,27,32.5,42.25,39.25,35.5,30.5,28.25,27.5,26.75,30.25,39.25,50.75,48,34.5,29,27.5,26,27.5,33,38.5,40.25,33.5,32,28,25.75,27.25,28.5,30.5,31.25,30.75,29,28.5,1
2021-06-07T07:14:57,25.5,26,28.5,29.5,28,27.25,30.5,31,25.5,27.25,31,32.5,29.25,28.75,29.5,26.5,27,29.5,36.5,35.5,31.75,27.5,26.5,26.25,26.5,33.25,45,37.5,33.25,29,27.25,26.75,27,32.5,42.25,39.25,35.25,30.75,28.25,27,26.5,30,39,51,48,34.5,29,27.25,25.5,27.5,33.25,38.75,40.5,34,32,27.75,25.25,26.75,28.25,30.75,31.75,30,28.25,27.75,1
2021-06-07T07:14:58,25.25,26.25,28.5,29.5,28,27.25,31.25,30.25,25.5,27.25,31,32.25,29.25,28.75,29.5,26.5,26.5,30,36.5,35.5,31.75,27.5,25.75,26,26.75,33,45,37.75,33.75,28.75,26.75,26.5,26.5,31.75,42,39,35.25,30.5,28,26.75,26.75,30,39.25,50.75,48.25,34.5,28.5,27.25,25.75,27.25,33,38.25,40,33.75,31,27.5,24.75,27,28.5,30.5,31.5,30,28.25,27.5,1
2021-06-07T07:14:59,25.5,26,28.75,30,28,27,30.75,31.5,25.5,26.75,31,32.5,29.5,28.75,29.75,26.5,26.75,29.75,37,35.5,31.5,27.75,26.5,26.25,26.75,33.5,45.25,37.75,33.75,29,26.5,26.75,27,32.5,42.25,39.25,35.25,30.5,28.25,27,27,30,39.25,50.75,48,34.25,29,26.75,25.75,27.5,33.5,38.25,40.75,34,32,28,25.5,26.5,28.5,31.25,31.5,30.5,28.5,27.75,1